2016,1,14,3,1,332,191,141,79,60,33,38,53,16,21,14,6,2,22,12,46,38,131,196,249,75,10,12,32,2,1
2016,1,3,14,0,376,215,161,105,51,41,34,39,21,16,12,9,2,23,8,57,28,129,247,292,77.7,10,18,43,4,0
2016,1,11,9,1,366,208,158,97,54,27,25,59,24,22,12,5,3,20,8,56,32,133,231,282,77,18,11,37,16,1
2016,1,9,11,0,371,209,162,95,50,27,31,55,22,24,10,16,2,28,7,50,42,137,229,268,72.2,16,14,60,14,0
2016,1,8,5,1,428,223,205,91,87,27,37,53,20,17,17,16,3,36,13,66,28,152,279,311,72.7,9,15,40,17,1
2016,1,5,8,0,383,205,178,98,56,39,25,65,17,20,9,5,1,15,8,40,43,125,263,287,74.9,4,8,47,5,0
2016,1,12,1,1,361,214,147,91,82,47,42,43,18,22,16,8,3,27,8,56,38,160,203,268,74.2,17,11,57,11,1
2016,1,1,12,0,342,203,139,75,63,44,45,47,22,18,14,12,1,27,10,57,39,150,201,243,71.1,8,8,57,7,0
2016,1,16,4,1,429,219,210,81,67,44,40,53,18,23,18,19,6,43,14,76,37,172,266,312,72.7,13,16,48,5,1
2016,1,4,16,0,334,184,150,69,76,26,33,55,23,18,7,8,3,18,5,45,52,141,190,223,66.8,6,5,56,5,0
2016,1,18,6,1,498,250,248,116,62,28,35,45,19,14,15,13,0,28,9,57,24,157,347,392,78.7,14,15,49,12,1
2016,1,6,18,0,340,198,142,98,55,26,24,54,14,19,5,8,0,13,5,30,40,113,217,245,72.1,6,9,40,6,0
2016,1,13,15,1,381,217,164,64,106,49,44,42,16,11,20,12,1,33,12,61,38,177,202,253,66.4,13,13,53,9,1
2016,1,15,13,0,428,223,205,70,72,66,61,60,11,16,15,5,5,25,12,58,39,166,256,284,66.4,5,12,62,2,0
2016,1,17,2,1,438,240,198,121,59,61,45,51,17,29,26,7,3,36,21,64,24,160,288,346,79,17,25,36,6,1
2016,1,2,17,0,323,154,169,56,74,28,40,47,29,17,15,9,3,27,13,45,33,128,199,243,75.2,8,10,53,2,0
2016,1,7,10,1,349,196,153,71,81,56,51,64,24,28,18,7,1,26,12,61,30,160,196,245,70.2,11,16,51,3,1
2016,1,10,7,0,360,186,174,70,81,48,39,48,28,24,12,9,5,26,9,46,42,141,221,251,69.7,4,6,42,3,0
2016,2,4,14,1,346,191,155,84,69,23,24,50,26,17,13,6,3,22,10,52,31,131,209,251,72.5,8,10,38,4,1
2016,2,14,4,0,393,209,184,104,57,45,37,58,17,26,12,13,1,26,7,50,37,134,261,296,75.3,9,19,47,5,0
2016,2,1,13,1,412,234,178,109,64,49,45,52,22,15,22,9,3,34,15,55,49,165,247,298,72.3,14,17,55,10,1
2016,2,13,1,0,324,175,149,44,70,54,43,62,15,22,11,19,1,31,7,70,26,161,164,211,65.1,13,6,68,9,0
2016,2,5,11,1,444,243,201,139,66,21,27,53,27,22,11,10,4,25,8,56,27,131,313,353,79.5,15,14,32,4,1
2016,2,11,5,0,316,174,142,68,50,41,32,52,22,27,10,6,1,17,6,41,39,127,179,227,71.8,11,9,25,7,0
2016,2,2,12,1,296,167,129,76,51,32,28,44,16,22,11,13,4,28,8,51,25,111,183,225,76,12,12,49,3,0
2016,2,12,2,0,354,187,167,67,46,36,38,40,22,16,17,15,0,32,12,49,31,145,207,263,74.3,11,18,29,2,1
2016,2,15,18,1,356,187,169,96,67,28,29,54,14,18,5,6,0,11,3,42,44,102,257,276,77.5,9,13,50,6,0
2016,2,18,15,0,482,243,239,122,55,30,29,38,18,14,13,8,7,28,11,58,35,137,343,379,78.6,10,12,25,7,1
2016,2,6,8,1,334,186,148,63,65,59,44,48,21,19,14,15,1,30,11,60,30,157,182,218,65.3,12,9,46,4,0
2016,2,8,6,0,327,181,146,80,75,21,31,47,19,20,19,12,0,31,17,50,38,121,208,249,76.1,11,14,45,24,1
2016,2,9,7,1,393,211,182,92,57,41,39,35,23,10,13,7,4,24,12,56,34,148,243,292,74.3,8,13,50,18,1
2016,2,7,9,0,345,188,157,88,50,28,26,41,10,22,11,7,3,21,9,48,40,126,217,269,78,13,11,42,12,0
2016,2,10,17,1,458,226,232,101,89,36,44,51,19,16,14,11,4,29,10,68,26,163,303,342,74.7,9,16,54,4,1
2016,2,17,10,0,293,166,127,59,81,60,36,47,16,19,7,9,2,18,5,34,45,138,154,186,63.5,8,7,48,3,0
2016,2,3,16,1,348,187,161,85,62,46,30,48,23,23,10,10,1,21,8,44,44,130,214,258,74.1,11,10,49,11,0
2016,2,16,3,0,401,214,187,100,59,28,37,47,23,23,20,10,1,31,17,69,33,150,253,307,76.6,15,15,42,7,1
2016,3,13,5,1,393,192,201,87,64,43,38,60,18,24,17,10,0,27,12,61,31,149,244,285,72.5,7,12,61,11,1
2016,3,5,13,0,385,190,195,91,87,40,37,56,24,18,7,6,3,16,3,41,42,130,258,285,74,8,9,49,0,0
2016,3,15,4,1,446,250,196,126,61,36,31,54,20,21,18,11,0,29,15,54,34,126,319,351,78.7,11,19,48,5,1
2016,3,4,15,0,349,192,157,72,53,32,38,51,21,20,14,6,0,20,9,49,32,144,205,255,73.1,12,10,40,1,0
2016,3,14,1,1,410,217,193,123,56,42,32,45,20,16,13,12,2,27,7,53,36,134,280,326,79.5,19,15,30,6,0
2016,3,1,14,0,368,192,176,88,53,38,39,43,16,20,19,11,3,33,15,57,34,130,241,285,77.4,5,4,48,5,1
2016,3,16,9,1,361,202,159,74,64,49,38,55,30,19,14,9,0,23,8,67,35,160,205,261,72.3,16,10,45,1,1
2016,3,9,16,0,384,200,184,78,77,38,38,66,19,30,10,6,2,18,6,47,51,148,241,274,71.4,8,9,50,18,0
2016,3,8,3,1,420,222,198,109,65,19,32,40,20,14,13,13,4,30,10,61,41,125,300,320,76.2,8,23,61,8,1
2016,3,3,8,0,380,194,186,82,53,38,24,43,14,20,5,8,3,16,3,49,41,125,251,274,72.1,9,5,43,8,0
2016,3,17,6,1,364,215,149,90,77,47,38,50,26,18,12,16,4,32,7,63,22,139,223,265,72.8,13,15,48,2,1
2016,3,6,17,0,341,209,132,93,73,23,29,61,18,27,8,10,1,19,3,37,47,126,211,242,71,14,9,49,6,0
2016,3,12,11,1,322,165,157,48,97,43,46,50,24,23,21,9,1,31,13,51,34,144,184,228,70.8,9,11,48,5,1
2016,3,11,12,0,366,190,176,49,67,65,63,63,23,24,20,8,3,31,15,63,25,176,199,252,68.9,11,10,47,12,0
2016,3,18,10,1,418,225,193,96,65,36,46,47,25,21,13,10,2,25,7,51,27,161,257,312,74.6,14,10,51,14,0
2016,3,10,18,0,331,200,131,98,77,50,30,54,21,25,14,8,1,23,9,46,36,132,206,248,74.9,14,10,57,5,1
2016,3,7,2,1,396,221,175,101,73,38,40,62,32,30,18,14,3,35,9,69,21,137,259,293,74,8,17,45,6,1
2016,3,2,7,0,332,172,160,65,52,31,28,66,30,32,7,12,2,21,4,35,48,126,197,224,67.5,7,9,43,5,0
2016,4,17,14,1,342,213,129,113,59,54,37,48,29,22,18,13,4,35,12,60,15,130,219,264,77.2,18,20,37,1,1
2016,4,14,17,0,340,178,162,89,57,21,33,58,22,29,9,3,0,12,6,27,41,107,229,260,76.5,9,8,40,2,0
2016,4,5,7,1,426,207,219,104,59,32,38,51,24,16,6,5,1,12,5,40,36,132,293,315,73.9,1,9,39,4,0
2016,4,7,5,0,359,197,162,97,71,26,27,58,16,24,9,14,4,27,7,50,30,123,238,277,77.2,15,19,36,12,1
2016,4,10,15,1,370,181,189,75,78,50,40,48,20,16,13,8,1,22,7,52,32,139,237,282,76.2,9,9,49,4,1
2016,4,15,10,0,410,206,204,93,78,42,35,50,16,20,13,6,0,19,8,46,32,152,261,311,75.9,14,12,44,6,0
2016,4,2,8,1,367,203,164,82,81,43,41,35,23,13,14,17,6,37,10,66,32,154,213,265,72.2,8,18,42,6,1
2016,4,8,2,0,307,161,146,62,78,47,39,51,13,23,14,9,1,24,9,48,42,132,168,215,70,12,12,53,12,0
2016,4,3,18,1,336,209,127,97,57,50,32,63,13,30,7,5,2,14,7,44,35,131,211,252,75,14,11,43,6,0
2016,4,18,3,0,426,217,209,91,61,26,41,48,30,13,13,5,2,20,8,50,36,135,287,324,76.1,7,6,53,18,1
2016,4,1,16,1,372,211,161,69,80,47,42,47,23,21,16,11,6,33,8,61,36,167,206,256,68.8,9,10,38,6,1
2016,4,16,1,0,372,186,186,61,86,44,39,50,21,23,15,9,4,28,9,57,38,164,204,261,70.2,9,8,48,2,0
2016,4,9,13,1,383,220,163,100,54,42,45,43,24,17,22,15,4,41,15,75,28,131,249,304,79.4,13,14,36,22,1
2016,4,13,9,0,356,187,169,92,51,38,30,60,17,24,9,8,3,20,3,41,46,116,243,273,76.7,9,4,57,21,0
2016,4,4,11,1,412,215,197,85,99,34,36,43,19,15,9,8,5,22,8,55,39,150,264,302,73.3,13,8,50,6,0
2016,4,11,4,0,433,210,223,98,84,40,31,53,15,19,16,6,0,22,13,57,44,154,278,323,74.6,13,13,56,6,1
2016,4,12,6,1,420,238,182,114,71,49,36,49,20,12,20,8,4,32,15,53,26,152,275,321,76.4,12,14,54,16,1
2016,4,6,12,0,352,184,168,80,67,23,32,53,12,20,14,12,5,31,13,46,31,124,217,261,74.1,11,13,44,8,0
2016,5,10,1,1,353,187,166,63,97,45,47,41,23,19,17,8,2,27,8,60,27,142,214,262,74.2,12,9,58,7,1
2016,5,1,10,0,405,190,215,71,77,43,38,52,19,23,17,6,1,24,13,48,37,160,250,297,73.3,12,12,44,5,0
2016,5,16,17,1,373,220,153,81,84,40,43,45,19,19,12,11,5,28,10,63,49,167,197,260,69.7,18,10,59,1,1
2016,5,17,16,0,376,217,159,81,83,41,32,55,19,19,7,3,4,14,3,59,41,169,204,248,66,17,8,55,2,0
2016,5,8,12,1,366,179,187,84,53,30,30,53,20,22,11,9,6,26,6,49,43,134,238,272,74.3,13,11,43,13,0
2016,5,12,8,0,362,218,144,97,57,26,29,53,22,20,18,10,1,29,15,62,30,138,229,279,77.1,14,14,45,17,1
2016,5,18,2,1,447,221,226,85,60,39,44,41,24,12,17,15,3,35,12,71,19,176,273,337,75.4,18,18,50,7,1
2016,5,2,18,0,328,186,142,93,75,29,25,51,12,24,10,4,3,17,9,31,47,125,202,246,75,15,8,46,3,0
2016,5,13,7,1,309,153,156,45,81,28,34,56,23,24,8,6,5,19,6,45,40,126,173,208,67.3,6,5,55,9,0
2016,5,7,13,0,372,212,160,99,79,60,46,49,25,23,16,8,3,27,10,58,32,165,207,261,70.2,19,16,50,5,1
2016,5,15,9,1,370,203,167,88,58,36,37,46,22,20,12,6,1,19,9,53,38,129,239,287,77.6,14,6,40,6,0
2016,5,9,15,0,419,230,189,114,59,39,39,53,20,22,19,11,1,31,15,63,40,153,278,324,77.3,15,13,59,20,1
2016,5,6,3,1,362,184,178,68,100,46,38,54,18,18,9,12,2,23,5,48,36,146,219,260,71.8,10,12,59,4,0
2016,5,3,6,0,356,181,175,66,77,45,32,46,18,18,10,11,1,22,7,47,34,139,215,259,72.8,9,13,49,5,1
2016,5,11,14,1,412,222,190,87,74,52,43,61,25,22,20,7,2,29,15,56,38,174,235,300,72.8,17,12,51,2,1
2016,5,14,11,0,328,185,143,53,72,40,40,51,22,24,14,8,4,26,10,56,33,163,161,225,68.6,13,8,45,1,0
2016,5,4,5,1,423,216,207,92,80,42,39,52,16,20,22,9,1,32,15,55,38,153,265,323,76.4,17,17,42,3,1
2016,5,5,4,0,392,208,184,98,63,35,46,55,20,16,11,7,0,18,6,51,30,136,256,278,70.9,5,15,36,3,0
2016,6,12,18,1,355,189,166,75,92,49,31,64,14,23,9,7,0,16,6,46,47,151,211,255,71.8,16,11,60,9,1
2016,6,18,12,0,434,215,219,74,66,33,44,54,23,14,6,8,1,15,3,56,35,164,268,308,71,11,9,56,2,0
2016,6,11,15,1,353,167,186,64,59,45,45,54,16,23,15,4,2,21,12,55,35,138,216,267,75.6,13,14,34,7,0
2016,6,15,11,0,397,209,188,88,74,45,33,41,23,16,20,15,0,35,14,55,37,148,249,303,76.3,9,19,35,3,1
2016,6,1,6,1,430,222,208,111,61,38,30,53,14,16,14,13,0,27,9,52,38,152,287,314,73,16,11,42,7,1
2016,6,6,1,0,376,200,176,83,73,34,35,49,16,14,8,15,1,24,5,52,33,145,225,271,72.1,12,14,55,5,0
2016,6,9,10,1,413,233,180,107,63,43,47,50,20,18,24,11,3,38,16,56,34,153,251,324,78.5,20,16,38,4,1
2016,6,10,9,0,314,161,153,61,41,52,29,38,18,20,12,9,2,23,9,50,26,114,197,240,76.4,6,11,57,4,0
2016,6,14,13,1,377,192,185,72,71,64,45,47,18,17,8,8,3,19,6,53,45,161,211,266,70.6,7,6,43,12,0
2016,6,13,14,0,355,206,149,91,99,24,39,45,17,18,13,13,3,29,12,62,42,145,217,265,74.6,14,13,73,8,1
2016,6,7,8,1,445,252,193,142,76,32,42,45,16,22,25,16,2,43,14,62,25,148,292,350,78.7,19,25,41,8,1
2016,6,8,7,0,306,150,156,62,63,39,24,51,22,16,7,5,1,13,3,33,30,126,185,205,67,6,3,42,4,0
2016,6,2,16,1,332,212,120,59,98,42,40,57,23,19,14,8,2,24,8,60,37,168,154,208,62.7,9,9,69,4,0
2016,6,16,2,0,402,219,183,55,99,53,45,57,19,23,15,6,1,22,9,56,45,187,203,270,67.2,9,11,61,0,1
2016,6,3,5,1,378,227,151,115,67,39,35,42,12,11,10,9,3,22,5,63,36,145,237,277,73.3,19,18,46,12,1
2016,6,5,3,0,366,194,172,83,67,39,37,44,11,12,8,6,3,17,6,47,46,126,237,271,74,9,6,53,1,0
2016,6,17,4,1,348,205,143,92,56,47,42,36,29,20,18,14,2,34,15,61,22,135,218,256,73.6,11,19,44,6,1
2016,6,4,17,0,388,182,206,79,79,25,30,54,20,29,9,5,3,17,6,33,38,132,255,301,77.6,8,8,43,4,0
2016,7,14,10,1,307,170,137,64,74,47,40,52,29,19,13,8,4,25,9,44,32,142,166,219,71.3,9,19,47,4,0
2016,7,10,14,0,379,223,156,100,76,45,40,56,19,29,21,6,4,31,16,55,28,137,239,300,79.2,10,17,50,5,1
2016,7,4,3,1,345,177,168,75,68,35,29,46,20,21,12,10,2,24,9,46,41,125,221,264,76.5,11,5,49,8,0
2016,7,3,4,0,381,204,177,80,73,30,40,48,21,20,15,7,2,24,10,57,28,143,240,289,75.9,18,16,56,14,1
2016,7,7,17,1,382,220,162,98,77,37,44,52,27,21,18,15,0,33,15,60,26,135,246,292,76.4,9,17,44,6,1
2016,7,17,7,0,357,180,177,72,55,39,32,56,21,27,12,5,2,19,10,43,38,137,222,253,70.9,11,9,36,0,0
2016,7,16,5,1,439,231,208,107,59,25,38,56,21,18,20,12,3,35,14,68,38,165,279,328,74.7,15,19,49,6,1
2016,7,5,16,0,395,221,174,99,60,33,26,54,18,21,7,10,2,19,3,47,43,137,255,283,71.6,8,4,42,5,0
2016,7,8,11,1,317,174,143,85,79,46,30,61,18,31,14,2,1,17,9,35,47,133,179,224,70.7,13,11,43,14,0
2016,7,11,8,0,412,200,212,63,87,52,48,41,31,18,24,14,2,40,14,75,20,169,240,289,70.1,8,15,35,4,1
2016,7,18,1,1,422,198,224,85,59,38,40,45,28,12,18,14,1,33,15,68,17,163,262,321,76.1,19,18,44,1,1
2016,7,1,18,0,342,187,155,78,56,30,25,59,12,28,17,5,1,23,15,37,49,142,199,251,73.4,14,13,35,2,0
2016,7,6,9,1,323,189,134,83,75,52,43,44,17,15,11,9,2,22,9,49,27,149,183,231,71.5,20,14,46,3,0
2016,7,9,6,0,362,206,156,77,79,55,47,45,15,17,14,10,1,25,9,45,35,157,200,250,69.1,11,8,62,6,1
2016,7,15,12,1,366,204,162,107,61,28,30,58,16,22,11,7,2,20,8,50,46,136,229,272,74.3,17,16,44,10,0
2016,7,12,15,0,348,212,136,96,61,39,40,42,22,16,11,16,0,27,4,60,36,145,212,260,74.7,15,9,52,10,1
2016,7,13,2,1,415,227,188,66,86,24,52,63,29,22,21,8,2,31,15,66,33,174,233,280,67.5,9,17,72,6,1
2016,7,2,13,0,320,196,124,55,75,58,34,63,22,29,7,14,3,24,2,51,40,160,154,196,61.3,9,5,61,0,0
2016,8,1,7,1,326,220,106,93,80,43,40,58,26,14,11,5,1,17,6,44,40,156,166,216,66.3,15,8,47,3,0
2016,8,7,1,0,382,213,169,97,81,48,42,57,14,26,13,17,3,33,9,61,32,164,225,264,69.1,15,14,61,8,1
2016,8,5,12,1,409,203,206,100,49,27,33,48,20,19,8,12,0,20,6,51,31,134,280,312,76.3,11,7,50,7,0
2016,8,12,5,0,402,215,187,101,58,42,33,45,19,20,10,13,1,24,6,48,36,139,265,314,78.1,13,14,54,11,1
2016,8,10,6,1,377,203,174,79,88,47,39,46,26,19,17,10,4,31,9,60,28,140,234,287,76.1,15,18,44,0,1
2016,8,6,10,0,362,181,181,67,81,54,38,59,19,26,11,7,2,20,7,41,40,136,226,261,72.1,9,9,39,1,0
2016,8,9,8,1,438,245,193,111,57,44,49,37,31,25,22,14,3,39,16,69,25,161,279,339,77.4,10,15,37,19,1
2016,8,8,9,0,330,159,171,59,63,39,30,57,25,31,9,2,2,13,4,36,42,127,202,246,74.5,9,5,38,14,0
2016,8,2,4,1,311,160,151,60,62,32,24,66,21,29,10,4,1,15,5,38,40,115,181,222,71.4,6,10,41,1,0
2016,8,4,2,0,389,216,173,82,56,34,48,40,29,21,20,21,2,43,13,70,25,153,236,285,73.3,11,19,58,6,1
2016,8,14,16,1,379,223,156,100,74,33,35,49,28,26,14,14,3,31,11,46,31,145,235,286,75.5,12,19,39,11,1
2016,8,16,14,0,320,166,154,52,55,30,28,61,26,28,15,9,1,25,10,49,27,140,184,233,72.8,12,8,55,6,0
2016,8,3,13,1,385,226,159,112,70,59,40,44,26,11,14,8,1,23,13,49,39,139,240,294,76.4,12,17,46,1,1
2016,8,13,3,0,306,171,135,58,66,27,43,63,11,26,13,13,0,26,9,56,29,136,170,209,68.3,10,6,54,7,0
2016,8,11,18,1,373,186,187,93,87,50,35,46,12,16,12,8,2,22,11,48,43,125,247,272,72.9,8,11,36,5,0
2016,8,18,11,0,426,222,204,87,84,42,39,52,16,12,17,7,5,29,11,61,35,155,271,315,73.9,10,12,51,1,1
2016,8,17,15,1,404,231,173,93,73,53,45,46,24,13,20,8,4,32,14,61,28,150,252,295,73,15,17,40,9,1
2016,8,15,17,0,376,187,189,73,83,36,37,71,13,24,3,7,4,14,2,37,39,137,235,265,70.5,10,5,58,2,0
2016,9,10,16,1,368,212,156,90,54,37,39,51,15,12,7,10,3,20,5,54,27,133,228,257,69.8,13,12,63,9,0
2016,9,16,10,0,393,210,183,88,80,47,37,42,12,15,10,6,3,19,7,40,46,162,227,289,73.5,19,10,40,3,1
2016,9,4,7,1,370,217,153,102,70,21,31,59,26,23,16,4,4,24,14,46,38,153,226,261,70.5,6,10,42,8,1
2016,9,7,4,0,341,192,149,96,85,38,32,58,23,26,11,11,3,25,7,54,24,138,205,238,69.8,15,17,52,6,0
2016,9,8,1,1,368,189,179,91,60,42,31,54,15,18,11,7,1,19,9,35,47,136,234,270,73.4,13,15,35,3,0
2016,9,1,8,0,395,224,171,117,65,36,40,37,18,15,22,10,7,39,20,71,21,127,267,310,78.5,11,19,28,9,1
2016,9,13,17,1,392,214,178,86,98,15,36,65,20,25,13,7,1,21,10,55,36,158,238,287,73.2,12,13,64,7,0
2016,9,17,13,0,343,195,148,68,75,71,45,52,25,20,14,6,4,24,10,61,34,163,188,231,67.3,7,10,58,1,1
2016,9,12,3,1,363,217,146,108,59,53,41,37,23,15,17,10,1,28,12,49,34,138,230,278,76.6,11,13,36,3,1
2016,9,3,12,0,380,203,177,93,51,20,29,51,15,23,6,8,2,16,2,46,30,116,260,287,75.5,6,8,38,5,0
2016,9,6,14,1,326,183,143,52,85,44,36,60,21,24,6,7,2,15,4,43,28,145,178,236,72.4,11,4,43,2,0
2016,9,14,6,0,347,217,130,86,67,48,42,56,24,21,11,11,6,28,9,43,31,153,189,238,68.6,11,10,50,0,1
2016,9,11,2,1,414,196,218,80,66,42,39,45,18,21,19,14,3,36,13,51,28,139,277,324,78.3,8,15,34,17,1
2016,9,2,11,0,334,187,147,78,59,41,35,42,22,18,9,10,4,23,5,45,25,133,203,247,74,12,12,39,7,0
2016,9,9,18,1,396,250,146,143,83,46,36,49,14,21,15,5,3,23,11,51,40,129,265,317,80.1,14,12,45,13,1
2016,9,18,9,0,369,191,178,80,54,38,34,47,21,14,10,7,6,23,7,51,32,140,234,272,73.7,8,11,52,9,0
2016,9,15,5,1,386,219,167,109,63,24,46,37,14,13,16,13,0,29,13,67,27,131,263,294,76.2,12,23,43,1,1
2016,9,5,15,0,395,208,187,127,56,41,23,40,13,14,9,6,3,18,8,40,48,116,286,309,78.2,11,10,54,5,0
2016,10,16,12,1,407,189,218,76,90,51,44,50,20,20,14,7,0,21,7,51,43,169,238,281,69,10,11,30,2,1
2016,10,12,16,0,318,184,134,64,81,51,46,50,20,20,9,9,2,20,4,52,35,144,171,212,66.7,6,6,35,2,0
2016,10,2,10,1,366,196,170,64,69,43,39,60,20,25,13,6,3,22,6,49,37,156,213,252,68.9,7,8,42,4,0
2016,10,10,2,0,394,225,169,84,72,54,44,52,25,20,21,6,3,30,16,61,32,152,236,285,72.3,14,17,43,7,1
2016,10,11,13,1,359,196,163,97,46,55,32,48,22,21,10,12,4,26,8,53,31,132,230,278,77.4,14,13,47,6,0
2016,10,13,11,0,377,204,173,92,61,20,33,49,21,23,18,10,3,31,17,54,30,124,254,300,79.6,11,15,47,10,1
2016,10,15,6,1,387,210,177,111,101,47,31,32,16,14,15,7,4,26,7,45,41,127,262,311,80.4,18,15,42,6,1
2016,10,6,15,0,360,186,174,83,70,48,44,40,14,16,10,6,1,17,10,52,25,138,222,272,75.6,10,3,45,4,0
2016,10,5,14,1,368,195,173,96,74,28,42,56,20,12,10,6,1,17,7,48,33,130,245,269,73.1,10,10,39,4,0
2016,10,14,5,0,408,244,164,121,46,43,31,46,12,20,16,7,2,25,13,53,33,142,270,309,75.7,13,19,53,6,1
2016,10,1,9,1,370,241,129,102,56,31,38,48,23,19,15,15,2,32,11,62,35,155,209,264,71.4,13,18,44,10,1
2016,10,9,1,0,389,216,173,97,44,37,27,50,19,23,13,5,2,20,8,52,43,145,245,286,73.5,12,11,49,7,0
2016,10,3,7,1,388,211,177,85,80,31,42,46,22,10,16,8,0,24,12,60,35,136,246,301,77.6,10,10,55,10,1
2016,10,7,3,0,399,196,203,88,69,45,35,53,10,22,12,11,2,25,11,50,38,139,263,305,76.4,15,12,35,11,0
2016,10,4,18,1,399,232,167,125,85,36,23,54,15,17,7,9,2,18,7,52,35,131,275,297,74.4,7,10,58,1,0
2016,10,18,4,0,452,237,215,134,65,32,31,59,17,15,11,3,5,19,10,49,43,147,311,341,75.4,15,14,44,5,1
2016,10,17,8,1,349,201,148,100,56,60,37,32,21,7,20,10,2,32,13,60,22,133,213,261,74.8,12,21,39,4,1
2016,10,8,17,0,337,208,129,113,76,26,34,52,7,21,7,13,0,20,4,36,36,118,225,233,69.1,10,11,39,3,0
2016,11,12,14,1,380,206,174,72,94,28,35,47,17,12,18,12,4,34,12,72,28,157,223,279,73.4,13,14,54,3,1
2016,11,14,12,0,336,188,148,71,58,62,43,46,12,17,7,6,6,19,5,41,44,142,196,242,72,13,8,44,0,0
2016,11,10,11,1,364,245,119,80,109,47,39,49,19,21,11,12,4,27,4,58,37,147,182,236,64.8,9,9,63,1,1
2016,11,11,10,0,367,188,179,40,68,55,51,58,21,19,10,2,2,14,6,50,41,170,203,256,69.8,6,6,59,4,0
2016,11,3,2,1,375,205,170,113,70,31,25,60,22,23,16,6,0,22,15,50,31,113,261,282,75.2,9,16,47,5,1
2016,11,2,3,0,342,184,158,79,71,43,42,55,23,22,9,9,1,19,5,44,33,129,211,249,72.8,5,12,37,4,0
2016,11,7,9,1,387,222,165,61,61,45,49,52,29,16,14,13,1,28,11,74,30,174,203,268,69.3,7,9,62,4,1
2016,11,9,7,0,358,224,134,90,79,51,46,72,16,29,14,2,2,18,9,48,58,144,203,238,66.5,4,8,56,13,0
2016,11,8,16,1,399,239,160,51,119,30,52,71,14,19,6,4,1,11,4,55,41,199,199,232,58.1,5,7,78,2,0
2016,11,16,8,0,393,221,172,46,135,73,44,59,19,14,11,8,5,24,7,58,49,192,192,245,62.3,7,11,76,0,1
2016,11,6,5,1,454,235,219,125,59,42,37,49,24,23,20,6,0,26,15,58,26,145,317,364,80.2,17,10,39,9,1
2016,11,5,6,0,375,181,194,82,74,34,30,51,23,23,6,9,2,17,5,38,36,127,256,277,73.9,3,7,35,6,0
2016,11,4,13,1,394,212,182,96,76,39,25,55,23,16,7,12,4,23,4,53,39,152,246,283,71.8,12,9,59,4,0
2016,11,13,4,0,391,230,161,81,65,11,27,61,16,23,19,11,0,30,13,59,37,163,229,287,73.4,5,10,75,3,1
2016,11,18,17,1,446,228,218,115,62,29,35,50,17,17,12,9,2,23,7,53,37,153,293,335,75.1,13,17,58,8,1
2016,11,17,18,0,322,199,123,90,81,43,30,43,17,17,11,8,1,20,9,49,37,114,206,246,76.4,9,12,42,4,0
2016,11,1,15,1,474,281,193,168,36,30,33,36,21,9,19,18,1,38,16,69,23,146,326,375,79.1,23,28,41,5,1
2016,11,15,1,0,298,156,142,70,45,26,22,52,9,19,6,8,1,15,4,30,41,108,184,217,72.8,12,8,39,9,0
2016,12,5,10,1,434,203,231,99,63,45,34,66,14,19,6,6,1,13,2,36,37,150,287,330,76,15,7,45,2,0
2016,12,10,5,0,423,251,172,133,59,25,33,40,19,14,23,11,2,36,12,66,26,139,285,340,80.4,10,13,58,6,1
2016,12,13,18,1,385,217,168,86,95,35,34,46,23,10,14,9,4,27,10,55,31,161,231,289,75.1,15,13,62,7,0
2016,12,18,13,0,376,184,192,55,80,55,46,65,10,23,15,7,3,25,9,51,36,161,213,259,68.9,6,12,68,8,1
2016,12,2,6,1,403,218,185,126,71,49,32,44,12,18,9,8,2,19,5,37,31,129,281,304,75.4,5,13,59,6,0
2016,12,6,2,0,393,212,181,97,70,44,46,35,18,12,23,5,4,32,17,59,23,140,255,309,78.6,5,13,45,8,1
2016,12,7,12,1,380,207,173,94,46,35,47,46,18,19,15,12,3,30,13,57,28,144,238,294,77.4,17,11,31,13,1
2016,12,12,7,0,321,189,132,96,41,44,33,37,19,18,12,2,0,14,10,43,39,107,211,252,78.5,9,11,31,4,0
2016,12,17,1,1,325,183,142,59,64,58,40,47,16,19,11,5,5,21,7,35,40,164,169,216,66.5,19,8,58,14,0
2016,12,1,17,0,383,233,150,107,89,40,40,38,19,16,15,14,1,30,12,65,19,168,227,279,72.8,19,14,55,4,1
2016,12,15,3,1,353,198,155,82,70,47,43,58,15,19,17,7,1,25,14,63,34,126,229,265,75.1,10,12,46,10,1
2016,12,3,15,0,416,222,194,108,43,35,39,51,19,15,12,6,0,18,9,48,43,127,281,329,79.1,7,14,41,6,0
2016,12,14,8,1,403,222,181,108,66,49,33,31,16,7,17,9,3,29,14,53,32,146,263,314,77.9,21,21,45,11,1
2016,12,8,14,0,290,158,132,60,75,31,33,37,7,16,15,4,3,22,8,49,32,123,164,209,72.1,11,17,53,7,0
2016,12,9,16,1,388,238,150,111,75,50,41,39,22,15,15,14,1,30,12,61,38,159,245,289,74.5,17,12,63,15,1
2016,12,16,9,0,339,173,166,69,77,37,35,48,15,22,9,9,0,18,4,52,44,139,199,237,69.9,14,8,50,3,0
2016,12,11,4,1,470,219,251,117,82,41,40,56,15,20,16,7,1,24,10,47,37,154,316,358,76.2,12,12,40,0,1
2016,12,4,11,0,344,186,158,74,85,36,33,54,20,15,8,9,1,18,7,48,27,153,194,238,69.2,12,13,44,2,0
2016,13,12,10,1,340,212,128,80,64,54,45,47,29,18,11,14,4,29,7,55,30,155,189,253,74.4,13,13,51,8,0
2016,13,10,12,0,270,173,97,65,68,45,41,54,18,29,14,7,2,23,7,48,35,127,148,196,72.6,11,8,68,9,1
2016,13,2,17,1,445,232,213,111,65,56,44,56,21,21,12,8,2,22,7,52,35,138,316,352,79.1,1,10,64,5,0
2016,13,17,2,0,335,187,148,80,72,25,32,47,21,21,20,9,2,31,12,57,35,125,208,248,74,11,16,46,9,1
2016,13,6,13,1,402,208,194,88,74,50,38,42,26,11,12,11,3,26,10,51,30,161,246,288,71.6,10,13,59,7,1
2016,13,13,6,0,310,169,141,60,83,38,40,62,11,26,9,13,2,24,5,45,25,131,182,206,66.5,9,6,57,9,0
2016,13,18,7,1,375,186,189,87,59,35,30,42,21,20,5,12,1,18,4,46,27,137,247,276,73.6,7,6,33,6,0
2016,13,7,18,0,385,218,167,125,78,39,36,42,20,21,16,4,0,20,13,44,38,125,256,306,79.5,12,20,37,10,1
2016,13,16,11,1,387,234,153,56,155,29,46,67,21,22,12,11,3,26,11,51,43,186,188,232,59.9,5,10,69,1,1
2016,13,11,16,0,365,205,160,32,89,66,37,61,22,21,4,4,3,11,2,47,36,181,169,214,58.6,3,4,57,0,0
2016,13,5,9,1,346,214,132,102,71,44,35,39,24,13,12,18,0,30,8,56,38,138,210,250,72.3,14,16,64,5,0
2016,13,9,5,0,375,214,161,91,59,40,35,56,13,24,17,10,5,32,12,60,40,144,237,279,74.4,13,9,46,17,1
2016,14,1,12,1,387,219,168,80,85,40,48,50,18,15,12,23,5,40,8,59,33,177,211,257,66.4,13,12,63,8,1
2016,14,12,1,0,327,197,130,64,82,54,38,62,15,18,10,6,1,17,8,51,38,156,155,206,63,11,7,38,1,0
2016,14,4,6,1,405,237,168,102,85,44,36,50,21,14,12,9,4,25,9,65,32,154,252,302,74.6,15,13,52,5,1
2016,14,6,4,0,359,179,180,62,88,35,30,53,14,21,5,7,0,12,4,37,47,138,216,252,70.2,11,6,49,1,0
2016,14,14,2,1,374,218,156,106,48,32,28,47,20,20,17,11,4,32,12,59,21,124,242,286,76.5,15,25,36,12,1
2016,14,2,14,0,324,168,156,74,55,24,30,51,19,20,11,9,0,20,5,34,35,121,195,238,73.5,11,9,41,1,0
2016,14,9,3,1,380,205,175,74,67,51,45,51,21,20,18,17,2,37,14,65,30,151,224,261,68.7,8,14,46,3,1
2016,14,3,9,0,353,196,157,84,88,51,35,61,20,21,9,8,3,20,5,42,44,126,212,250,70.8,7,11,43,4,0
2016,14,15,7,1,355,204,151,92,63,30,35,44,16,15,14,6,3,23,10,54,38,130,223,265,74.6,10,13,46,10,1
2016,14,7,15,0,386,216,170,117,52,34,27,43,15,16,13,10,2,25,11,52,33,138,249,287,74.4,17,15,44,6,0
2016,14,10,8,1,409,250,159,135,57,45,34,48,16,14,12,10,4,26,8,61,37,120,282,305,74.6,7,13,69,8,1
2016,14,8,10,0,330,192,138,64,64,34,39,57,14,16,8,10,2,20,5,47,43,136,191,221,67,9,10,61,1,0
2016,15,17,5,1,402,224,178,116,62,42,38,32,18,11,20,10,0,30,12,52,26,127,277,324,80.6,13,18,43,2,1
2016,15,5,17,0,323,197,126,86,72,53,44,51,11,18,7,7,3,17,4,37,32,121,195,234,72.4,10,8,44,1,0
2016,15,13,14,1,347,233,114,56,106,25,52,64,25,18,14,7,3,24,5,68,38,176,159,215,62,8,6,85,6,1
2016,15,14,13,0,370,227,143,87,65,52,33,64,18,25,8,4,4,16,8,51,49,159,213,261,70.5,13,7,59,2,0
2016,15,8,15,1,413,251,162,149,39,19,23,47,15,17,15,17,1,33,14,61,52,110,298,331,80.1,14,21,50,19,1
2016,15,15,8,0,343,175,168,61,45,32,26,54,17,15,8,17,3,28,6,62,41,131,209,248,72.3,15,12,39,5,0
2016,15,16,18,1,391,206,185,88,81,33,32,50,16,17,11,10,3,24,8,53,42,154,231,285,72.9,21,14,37,4,0
2016,15,18,16,0,392,214,178,81,80,49,41,50,17,16,13,5,0,18,9,56,37,155,241,277,70.7,13,8,54,10,1
2016,15,3,4,1,347,199,148,101,62,34,32,39,18,17,6,6,3,15,5,44,31,127,217,248,71.5,10,14,37,5,0
2016,15,4,3,0,365,195,170,96,67,24,28,39,17,18,8,9,0,17,4,41,36,119,245,289,79.2,15,12,50,4,1
2016,15,11,1,1,404,199,205,77,74,46,38,48,17,13,15,6,2,23,9,48,32,160,249,278,68.8,9,10,44,9,0
2016,15,1,11,0,370,216,154,83,101,42,39,55,13,17,18,8,4,30,15,53,30,145,225,265,71.6,15,16,56,7,1
2016,16,13,10,1,350,191,159,69,55,24,33,65,28,30,12,4,3,19,5,47,27,145,204,251,71.7,7,3,59,4,0
2016,16,10,13,0,365,241,124,107,54,55,41,66,30,28,15,8,3,26,9,51,34,136,213,275,75.3,15,9,67,1,1
2016,16,7,16,1,337,193,144,73,75,33,34,57,24,23,9,4,2,15,5,52,22,153,184,235,69.7,12,12,48,3,0
2016,16,16,7,0,373,201,172,70,76,35,35,52,23,24,15,7,1,23,9,43,40,157,214,270,72.4,6,13,48,3,1
2016,16,9,4,1,351,185,166,86,60,38,33,63,16,18,14,8,1,23,10,49,43,146,207,242,68.9,13,13,45,7,0
2016,16,4,9,0,393,214,179,90,80,37,42,53,18,16,19,9,2,30,12,67,29,159,242,292,74.3,17,18,55,7,1
2016,16,8,2,1,384,217,167,108,74,41,40,60,21,21,22,6,1,29,16,50,40,147,240,282,73.4,11,15,41,9,1
2016,16,2,8,0,333,164,169,62,68,39,34,54,21,21,17,10,1,28,12,59,22,138,193,235,70.6,11,14,44,1,0
2016,16,18,14,1,396,208,188,107,83,26,38,39,23,15,12,8,5,25,6,48,31,127,268,290,73.2,5,7,28,2,1
2016,16,14,18,0,372,220,152,121,76,56,34,56,15,23,11,8,1,20,7,45,33,134,237,274,73.7,13,13,38,4,0
2016,16,11,6,1,465,241,224,104,89,47,35,43,12,9,12,13,2,27,9,67,30,149,307,357,76.8,12,17,46,4,1
2016,16,6,11,0,329,202,127,87,68,32,32,49,9,12,8,5,2,15,4,41,53,128,196,240,72.9,10,7,60,2,0
2016,16,3,1,1,350,200,150,76,66,37,35,68,18,19,7,5,0,12,5,51,38,142,205,237,67.7,1,6,61,5,0
2016,16,1,3,0,452,237,215,84,75,40,43,66,19,18,16,10,1,27,14,59,44,182,274,325,71.9,7,15,63,5,1
2016,16,17,12,1,333,215,118,102,77,32,41,54,27,24,16,8,0,24,11,48,33,133,204,263,79,13,13,46,2,1
2016,16,12,17,0,334,197,137,76,60,69,46,54,24,27,11,6,0,17,4,48,29,137,193,237,71,13,11,38,1,0
2016,16,5,15,1,369,204,165,91,68,34,36,40,21,16,14,12,2,28,9,55,39,162,221,275,74.5,20,11,58,4,0
2016,16,15,5,0,386,181,205,63,80,60,46,47,16,21,17,6,1,24,11,58,36,150,241,303,78.5,7,12,53,4,1
2016,17,16,10,1,374,211,163,85,54,46,38,49,9,15,10,10,0,20,5,54,37,160,207,253,67.6,17,11,39,6,0
2016,17,10,16,0,368,209,159,89,81,45,38,40,15,9,11,8,1,20,5,49,41,123,238,276,75,9,10,55,6,1
2016,17,6,7,1,357,190,167,67,78,40,39,54,20,20,9,4,3,16,7,40,38,139,220,258,72.3,7,6,48,14,0
2016,17,7,6,0,403,213,190,107,84,36,35,43,20,20,11,9,3,23,6,50,27,150,262,300,74.4,13,9,35,5,1
2016,17,14,5,1,419,242,177,115,63,49,37,50,15,17,16,5,1,22,8,46,40,148,266,310,74,17,15,37,6,1
2016,17,5,14,0,325,197,128,87,87,31,30,42,17,15,11,11,6,28,5,53,26,137,188,217,66.8,6,10,40,3,0
2016,17,12,13,1,374,177,197,70,49,35,28,45,23,19,10,14,3,27,7,48,26,148,232,261,69.8,8,17,39,11,0
2016,17,13,12,0,368,188,180,82,66,24,38,54,19,23,16,8,1,25,12,45,31,133,235,279,75.8,10,16,53,13,1
2016,17,18,8,1,467,250,217,124,56,24,36,39,23,15,15,17,0,32,9,57,29,132,334,363,77.7,7,18,38,10,1
2016,17,8,18,0,341,197,144,105,47,35,26,57,15,23,8,10,1,19,7,39,38,115,226,247,72.4,10,10,41,7,0
2016,17,1,4,1,386,213,173,92,65,35,41,49,13,12,14,11,2,27,10,57,35,158,229,273,70.7,10,19,54,3,1
2016,17,4,1,0,405,201,204,89,97,45,38,48,12,13,10,6,3,19,5,48,36,160,247,287,70.9,15,8,55,8,0
2016,17,3,17,1,359,202,157,105,65,43,40,52,21,17,11,7,2,20,9,43,32,122,236,287,79.9,15,11,41,7,0
2016,17,17,3,0,330,190,140,87,77,41,37,47,17,21,12,9,1,22,8,48,29,121,207,253,76.7,11,13,34,2,1
2016,17,15,11,1,362,192,170,88,67,38,31,42,15,12,15,19,1,35,12,60,36,138,228,267,73.8,14,20,38,6,1
2016,17,11,15,0,400,184,216,84,52,39,34,50,12,15,11,7,1,19,11,50,36,136,261,299,74.8,11,12,50,6,0
2016,17,2,9,1,329,186,143,45,81,41,39,34,25,13,9,10,3,22,8,50,47,148,171,220,66.9,3,10,70,2,0
2016,17,9,2,0,445,251,194,82,86,47,52,61,14,25,22,11,3,36,15,77,39,200,245,312,70.1,12,21,46,15,1
2016,18,4,12,1,342,177,165,59,81,31,34,61,22,27,12,8,4,24,8,49,34,156,195,240,70.2,11,7,53,0,0
2016,18,12,4,0,399,206,193,88,65,34,41,50,27,22,18,13,3,34,12,61,32,149,250,307,76.9,7,11,47,11,1
2016,18,16,3,1,378,183,195,67,80,51,45,58,16,21,10,10,4,24,6,54,40,168,213,254,67.2,12,6,41,8,1
2016,18,3,16,0,383,204,179,67,89,47,47,46,20,15,10,7,1,18,6,53,40,149,217,276,72.1,12,3,36,8,0
2016,18,8,6,1,384,235,149,115,89,30,34,39,19,11,16,6,3,25,12,60,25,138,241,294,76.6,12,12,50,16,1
2016,18,6,8,0,377,186,191,84,64,48,32,49,11,19,12,4,5,21,10,41,42,123,250,279,74,6,12,49,5,0
2016,18,17,11,1,312,184,128,57,85,44,42,47,22,19,10,5,1,16,4,37,48,144,168,212,67.9,9,8,45,1,1
2016,18,11,17,0,403,201,202,66,99,46,38,65,19,22,8,9,3,20,5,66,24,159,243,289,71.7,8,12,47,3,0
2016,18,18,15,1,372,191,181,82,69,30,34,58,25,24,9,6,0,15,6,50,33,142,236,278,74.7,10,6,53,3,0
2016,18,15,18,0,391,217,174,108,63,45,33,54,24,25,11,9,0,20,4,48,37,145,250,303,77.5,21,9,39,3,1
2016,18,7,1,1,414,223,191,82,84,39,39,58,15,18,12,9,4,25,9,55,31,168,234,287,69.3,11,11,70,1,1
2016,18,1,7,0,347,223,124,78,71,48,42,56,18,15,7,10,3,20,3,46,38,150,182,216,62.2,9,6,39,1,0
2016,18,5,2,1,353,202,151,91,78,45,33,51,24,12,12,17,2,31,8,66,31,148,206,247,70,22,16,63,8,0
2016,18,2,5,0,372,211,161,80,65,35,47,60,12,24,20,7,1,28,15,54,44,156,206,269,72.3,10,11,52,8,1
2016,18,10,14,1,433,242,191,125,58,33,30,43,15,11,16,16,2,34,8,56,27,125,297,341,78.8,13,14,59,3,1
2016,18,14,10,0,334,177,157,77,51,42,37,52,11,15,5,10,4,19,2,37,29,132,203,240,71.9,10,11,26,3,0
2016,18,13,9,1,376,215,161,60,78,31,49,66,17,21,9,5,1,15,6,58,42,159,200,237,63,7,6,87,8,0
2016,18,9,13,0,388,240,148,52,90,65,46,73,21,17,11,11,2,24,7,59,49,187,188,242,62.4,8,5,67,6,1
2016,19,7,18,1,396,215,181,84,83,55,38,60,22,22,16,7,0,23,13,47,39,177,223,304,76.8,14,11,59,4,1
2016,19,18,7,0,367,187,180,69,81,28,33,50,22,22,11,9,3,23,7,53,26,150,215,265,72.2,4,7,71,5,0
2016,19,9,14,1,393,213,180,108,69,36,38,57,21,24,17,7,2,26,13,64,35,130,261,294,74.8,5,16,34,22,1
2016,19,14,9,0,339,205,134,114,69,43,29,59,24,21,3,4,1,8,2,38,40,117,219,243,71.7,16,7,31,2,0
2016,19,10,3,1,353,199,154,97,42,33,22,36,15,13,10,11,3,24,6,52,35,112,238,271,76.8,14,13,55,7,1
2016,19,3,10,0,381,205,176,85,61,31,31,40,13,15,7,9,4,20,5,47,38,127,248,293,76.9,14,15,53,9,0
2016,19,4,17,1,412,199,213,78,118,53,47,44,17,13,13,7,6,26,7,47,31,150,265,304,73.8,11,12,50,6,1
2016,19,17,4,0,322,162,160,74,89,29,28,46,13,17,11,5,1,17,9,47,31,116,208,226,70.2,8,12,49,2,0
2016,19,2,13,1,289,153,136,50,63,40,40,42,19,17,11,8,5,24,7,48,44,128,161,202,69.9,5,11,49,2,0
2016,19,13,2,0,408,222,186,97,59,23,43,46,17,19,25,21,2,48,17,77,27,158,260,302,74,18,30,57,13,1
2016,19,12,15,1,371,198,173,96,62,39,34,44,24,19,12,11,2,25,9,44,43,135,245,286,77.1,15,13,41,10,1
2016,19,15,12,0,324,167,157,71,56,32,26,47,19,24,8,12,2,22,3,57,27,126,194,239,73.8,13,12,28,9,0
2016,19,11,8,1,387,214,173,113,83,67,37,43,14,13,9,9,3,21,8,53,25,131,253,293,75.7,13,19,53,18,1
2016,19,8,11,0,310,169,141,63,85,21,25,41,13,14,9,9,1,19,5,41,40,141,173,213,68.7,16,10,48,4,0
2016,19,6,16,1,413,215,198,99,90,48,44,46,18,13,7,2,3,12,5,43,42,154,260,305,73.8,14,4,39,1,0
2016,19,16,6,0,457,222,235,95,78,43,39,52,14,18,21,10,1,32,17,63,35,188,280,340,74.4,20,12,48,8,1
2016,19,1,5,1,457,216,241,97,69,26,35,49,22,21,22,11,0,33,14,65,32,156,309,357,78.1,12,16,46,7,1
2016,19,5,1,0,363,191,172,91,62,60,40,59,21,22,9,7,0,16,8,45,35,136,229,263,72.5,15,13,61,2,0
2016,20,14,4,1,425,243,182,145,53,43,27,46,19,24,14,6,2,22,9,39,35,127,310,344,80.9,13,15,31,2,1
2016,20,4,14,0,328,189,139,99,71,21,38,52,24,19,11,8,3,22,7,48,23,117,223,254,77.4,7,7,51,5,0
2016,20,16,13,1,455,265,190,93,65,48,45,48,23,13,14,13,3,30,10,69,31,186,271,323,71,11,10,42,2,1
2016,20,13,16,0,334,208,126,83,77,26,32,70,13,23,4,9,0,13,4,36,47,132,195,222,66.5,7,7,68,6,0
2016,20,11,10,1,431,206,225,93,68,44,41,42,16,19,17,6,2,25,12,46,33,151,281,328,76.1,13,13,45,8,1
2016,20,10,11,0,324,180,144,75,74,38,31,36,19,16,11,12,3,26,6,50,27,126,208,244,75.3,7,10,53,12,0
2016,20,8,9,1,380,209,171,109,53,28,33,40,18,8,13,3,3,19,10,47,35,140,248,289,76.1,13,10,47,8,0
2016,20,9,8,0,401,224,177,100,74,59,44,55,8,18,14,8,0,22,12,53,33,147,259,298,74.3,18,13,43,20,1
2016,20,18,12,1,337,199,138,95,61,18,25,46,18,19,9,6,1,16,8,59,34,132,207,252,74.8,17,12,49,6,1
2016,20,12,18,0,421,225,196,111,58,44,31,56,19,18,7,5,0,12,5,45,51,136,287,328,77.9,10,7,41,10,0
2016,20,1,2,1,477,254,223,128,57,39,35,57,21,21,27,11,4,42,21,73,23,155,325,383,80.3,18,19,43,18,1
2016,20,2,1,0,284,149,135,38,75,44,39,57,21,21,6,3,0,9,2,29,35,141,143,193,68,10,3,55,2,0
2016,20,3,15,1,380,189,191,79,63,40,33,57,9,17,7,8,1,16,3,41,35,126,257,285,75,8,7,52,7,0
2016,20,15,3,0,404,238,166,132,62,28,31,46,17,9,19,7,1,27,14,54,32,129,272,306,75.7,10,27,33,17,1
2016,20,7,5,1,404,208,196,115,37,42,28,51,16,14,15,9,1,25,9,58,29,128,283,318,78.7,18,22,30,3,1
2016,20,5,7,0,354,232,122,134,49,29,35,51,14,16,4,10,0,14,3,37,40,101,249,269,76,4,12,38,3,0
2016,20,6,17,1,369,209,160,97,52,36,39,54,18,15,9,8,2,19,5,44,40,131,233,283,76.7,16,8,44,9,0
2016,20,17,6,0,378,222,156,108,66,39,31,50,15,18,17,7,1,25,12,60,33,132,245,291,77,15,14,39,12,1
2016,21,18,4,1,368,201,167,83,76,37,40,43,17,21,14,10,1,25,10,50,33,147,220,275,74.7,9,14,49,8,1
2016,21,4,18,0,386,202,184,90,88,51,33,38,21,17,14,8,0,22,12,51,34,146,253,301,78,10,14,47,3,0
2016,21,2,3,1,295,181,114,68,79,38,36,45,21,23,15,6,3,24,9,46,49,137,157,209,70.8,12,14,58,6,1
2016,21,3,2,0,329,194,135,65,67,47,43,44,23,21,13,14,3,30,7,68,28,148,175,240,72.9,13,14,43,21,0
2016,21,10,12,1,420,242,178,116,72,40,37,48,14,18,14,7,5,26,13,54,35,131,289,332,79,10,11,68,5,1
2016,21,12,10,0,336,195,141,88,64,45,33,49,18,14,8,6,3,17,7,47,33,138,197,265,78.9,24,9,32,2,0
2016,21,9,17,1,392,213,179,81,73,47,44,52,17,19,14,12,0,26,11,59,43,148,244,304,77.6,16,15,46,11,0
2016,21,17,9,0,325,174,151,64,67,55,41,41,19,17,14,11,2,27,11,58,39,132,195,228,70.2,8,11,50,3,1
2016,21,15,16,1,362,183,179,75,79,34,34,46,19,17,11,8,2,21,10,48,33,142,226,266,73.5,11,10,40,5,0
2016,21,16,15,0,459,236,223,116,53,45,39,53,17,19,23,8,0,31,18,60,35,154,302,352,76.7,16,25,54,5,1
2016,21,13,11,1,360,194,166,81,73,26,32,69,18,19,8,4,2,14,7,49,35,125,227,251,69.7,5,8,46,7,0
2016,21,11,13,0,402,232,170,110,70,53,43,62,19,18,13,13,3,29,8,56,38,147,249,286,71.1,14,18,42,13,1
2016,21,5,8,1,438,218,220,105,49,35,28,55,9,19,11,8,1,20,7,44,53,136,304,352,80.4,15,11,61,8,1
2016,21,8,5,0,373,215,158,100,55,29,35,41,19,9,9,9,6,24,6,69,29,153,225,276,74,14,12,50,9,0
2016,21,14,7,1,378,236,142,122,50,30,24,51,23,15,12,4,2,18,8,39,50,115,257,295,78,8,4,60,5,0
2016,21,7,14,0,400,224,176,120,52,26,32,54,15,23,10,13,9,32,6,66,22,139,269,319,79.8,21,12,50,4,1
2016,21,6,1,1,388,194,194,68,65,47,34,58,16,14,11,3,1,15,6,45,45,148,237,281,72.4,3,4,42,2,0
2016,21,1,6,0,455,232,223,94,81,23,34,48,14,16,21,12,4,37,14,69,31,155,298,343,75.4,9,20,37,18,1
2016,22,17,10,1,363,200,163,89,62,44,43,57,20,20,13,9,5,27,7,51,29,153,222,258,71.1,18,13,44,1,1
2016,22,10,17,0,350,213,137,93,67,34,31,49,20,20,10,5,2,17,7,43,35,108,240,269,76.9,2,7,50,4,0
2016,22,12,16,1,408,220,188,94,71,28,37,48,21,9,10,14,2,26,5,63,34,159,248,290,71.1,12,16,56,14,0
2016,22,16,12,0,357,204,153,82,70,45,33,59,9,21,12,11,2,25,7,49,49,154,207,255,71.4,16,9,57,4,1
2016,22,14,15,1,352,192,160,100,44,24,22,53,22,19,6,8,2,16,2,40,39,119,237,269,76.4,13,11,35,11,0
2016,22,15,14,0,410,233,177,113,65,34,24,54,19,22,7,10,3,20,3,51,29,128,276,306,74.6,13,14,30,12,1
2016,22,9,6,1,409,230,179,104,76,40,39,48,16,14,19,12,3,34,14,69,25,154,255,312,76.3,10,17,41,8,1
2016,22,6,9,0,390,200,190,94,72,37,32,61,14,16,5,7,0,12,2,32,46,125,262,289,74.1,9,6,42,4,0
2016,22,4,8,1,453,245,208,125,77,48,31,47,18,19,16,17,5,38,13,61,36,143,315,370,81.7,11,17,47,9,1
2016,22,8,4,0,322,168,154,69,60,18,35,39,19,18,6,11,0,17,1,43,37,124,191,231,71.7,11,8,41,10,0
2016,22,13,1,1,324,185,139,70,68,35,45,56,20,19,14,10,0,24,7,53,29,142,188,228,70.4,9,10,47,12,0
2016,22,1,13,0,357,208,149,95,61,43,30,53,19,20,15,17,2,34,9,59,34,132,224,265,74.2,13,18,56,2,1
2016,22,3,11,1,374,221,153,86,83,37,41,50,20,5,11,10,2,23,5,52,45,142,216,260,69.5,10,12,45,3,1
2016,22,11,3,0,393,191,202,93,67,35,26,56,5,20,7,14,2,23,6,55,37,136,261,285,72.5,15,13,60,3,0
2016,22,2,7,1,344,189,155,92,62,43,43,43,22,18,10,8,1,19,6,40,40,116,225,263,76.5,7,8,49,9,0
2016,22,7,2,0,402,219,183,105,64,36,41,43,18,22,19,12,3,34,14,61,26,139,272,309,76.9,5,18,30,10,1
2016,22,5,18,1,386,202,184,120,63,41,28,47,15,19,7,10,1,18,4,40,36,129,263,291,75.4,10,8,35,3,0
2016,22,18,5,0,406,215,191,111,76,35,35,39,19,15,14,9,0,23,7,51,28,140,263,306,75.4,12,12,38,8,1
2016,23,10,4,1,353,212,141,107,54,40,36,36,16,15,17,9,1,27,13,51,31,116,235,270,76.5,5,17,45,7,1
2016,23,4,10,0,378,219,159,105,59,39,40,47,15,16,17,8,1,26,13,50,33,135,244,294,77.8,12,17,37,10,0
2016,23,15,2,1,386,227,159,113,46,41,38,45,19,10,25,4,7,36,15,70,35,134,249,303,78.5,16,27,45,21,1
2016,23,2,15,0,355,184,171,87,47,38,37,55,10,19,15,7,6,28,10,54,42,115,235,283,79.7,14,12,40,2,0
2016,23,5,3,1,380,216,164,115,54,22,31,37,19,9,15,11,2,28,12,45,45,114,272,303,79.7,7,15,42,4,1
2016,23,3,5,0,368,202,166,88,54,31,26,46,9,19,10,17,2,29,6,61,28,132,237,275,74.7,8,16,42,13,0
2016,23,8,13,1,395,210,185,92,72,35,35,36,17,15,9,11,1,21,7,54,26,133,267,299,75.7,5,6,50,10,0
2016,23,13,8,0,378,198,180,76,67,49,45,50,15,17,13,10,1,24,11,45,41,146,235,271,71.7,8,7,62,8,1
2016,23,16,14,1,447,263,184,142,55,33,36,54,18,20,25,12,2,39,19,73,38,140,310,353,79,15,18,36,7,1
2016,23,14,16,0,356,190,166,83,46,33,32,54,20,18,7,7,2,16,5,46,41,128,227,273,76.7,12,7,29,4,0
2016,23,12,9,1,376,194,182,99,49,35,34,34,18,10,9,7,2,18,5,46,37,129,250,288,76.6,12,14,40,18,0
2016,23,9,12,0,371,214,157,95,52,44,46,44,10,18,14,12,4,30,8,56,37,138,232,287,77.4,11,10,44,14,1
2016,23,7,11,1,398,219,179,99,74,42,41,50,20,15,24,8,3,35,19,59,33,162,241,294,73.9,18,20,45,3,1
2016,23,11,7,0,358,177,181,67,65,45,31,58,15,20,6,5,3,14,4,43,33,126,216,254,70.9,7,6,42,10,0
2016,23,1,17,1,352,202,150,78,72,36,38,52,20,12,10,7,4,21,6,47,29,138,212,249,70.7,10,13,47,9,0
2016,23,17,1,0,408,205,203,85,52,46,36,59,12,20,14,14,2,30,7,52,29,162,250,289,70.8,15,14,60,4,1
2016,23,6,18,1,418,243,175,133,69,44,34,48,22,18,10,7,2,19,7,51,35,125,297,321,76.8,10,13,44,10,1
2016,23,18,6,0,434,192,242,70,72,19,35,60,18,22,6,7,6,19,4,43,40,147,288,297,68.4,9,5,39,12,0
2016,Elimination Final,17,18,1,363,189,174,79,79,52,32,40,13,17,7,7,3,17,1,43,36,139,224,270,74.4,16,9,54,4,0
2016,Elimination Final,18,17,0,400,213,187,87,77,30,40,35,17,13,14,12,3,29,11,55,32,162,238,300,75,14,12,63,6,1
2016,Qualifying Final,7,10,1,353,197,156,65,63,38,39,56,20,18,12,7,6,25,8,47,41,170,188,250,70.8,18,10,52,1,1
2016,Qualifying Final,10,7,0,391,240,151,113,65,40,38,59,18,20,12,9,2,23,9,56,32,118,260,293,74.9,6,13,76,10,0
2016,Qualifying Final,16,9,1,385,205,180,87,64,42,39,54,17,19,7,12,1,20,5,57,45,157,222,254,66,9,9,40,2,0
2016,Qualifying Final,9,16,0,377,206,171,92,96,36,34,62,19,17,12,16,3,31,7,64,44,150,227,267,70.8,12,13,54,16,1
2016,Elimination Final,1,12,1,385,219,166,101,65,49,45,40,10,15,21,12,3,36,12,68,22,142,239,294,76.4,21,19,56,1,1
2016,Elimination Final,12,1,0,350,171,179,67,43,41,37,47,15,10,12,6,1,19,9,40,39,130,218,259,74,12,10,43,8,0
2016,Semi Final,10,18,1,327,178,149,81,105,52,34,46,14,19,12,11,1,24,11,40,34,111,212,241,73.7,11,12,53,4,0
2016,Semi Final,18,10,0,397,203,194,81,62,35,42,43,19,14,16,10,1,27,11,52,23,161,243,291,73.3,7,16,51,4,1
2016,Semi Final,16,1,1,445,221,224,83,59,47,47,65,12,19,18,9,1,28,12,49,42,166,278,325,73,11,10,43,3,1
2016,Semi Final,1,16,0,353,203,150,77,69,42,38,56,19,12,12,10,0,22,6,56,30,146,201,242,68.6,14,9,46,5,0
2016,Preliminary Final,7,16,1,363,173,190,58,81,48,34,55,24,22,8,10,2,20,6,72,23,173,196,246,67.8,14,7,49,5,0
2016,Preliminary Final,16,7,0,376,214,162,83,102,24,40,49,22,24,15,6,1,22,9,40,63,167,209,275,73.1,12,8,61,3,1
2016,Preliminary Final,9,18,1,359,190,169,80,74,58,38,61,13,23,12,9,2,23,8,45,51,144,219,255,71,11,8,68,5,0
2016,Preliminary Final,18,9,0,392,223,169,83,70,40,53,50,23,13,13,9,2,24,9,68,31,160,228,273,69.6,12,12,70,9,1
2016,Grand Final,16,18,1,372,201,171,91,101,42,31,59,8,20,10,6,1,17,7,41,41,149,232,269,72.3,16,11,48,6,0
2016,Grand Final,18,16,0,382,210,172,73,92,40,36,53,20,8,13,8,3,24,7,59,28,172,213,260,68.1,18,6,66,6,1
