2015,1,3,14,1,325,196,129,84,57,34,38,45,20,20,11,9,3,23,9,46,34,127,199,233,71.7,7,11,42,10,0
2015,1,14,3,0,355,200,155,91,51,39,27,43,20,20,15,13,2,30,10,54,32,121,227,273,76.9,13,12,39,29,1
2015,1,11,8,1,347,221,126,98,66,34,34,41,21,16,17,12,1,30,10,52,31,150,198,246,70.9,16,11,37,3,1
2015,1,8,11,0,301,197,104,80,53,45,43,50,16,21,13,8,3,24,7,47,32,136,165,203,67.4,11,16,45,6,0
2015,1,16,5,1,374,204,170,50,71,66,53,57,24,25,10,9,3,22,7,60,32,176,192,248,66.3,6,5,52,2,1
2015,1,5,16,0,339,217,122,60,77,48,57,56,25,24,9,6,0,15,6,44,45,150,171,226,66.7,2,2,50,3,0
2015,1,2,4,1,364,215,149,87,68,47,44,54,21,17,11,6,2,19,8,49,42,152,211,246,67.6,8,9,51,1,0
2015,1,4,2,0,346,197,149,52,77,36,43,54,17,21,12,11,3,26,10,60,33,165,179,231,66.8,12,17,53,2,1
2015,1,18,17,1,372,208,164,79,94,36,49,42,20,19,14,9,4,27,3,58,26,156,214,275,73.9,5,10,40,14,1
2015,1,17,18,0,380,188,192,88,76,47,33,45,19,20,14,3,0,17,12,40,41,137,236,278,73.2,7,10,42,13,0
2015,1,15,9,1,332,199,133,96,49,29,37,51,20,25,11,7,5,23,8,52,36,128,214,245,73.8,13,11,41,10,0
2015,1,9,15,0,353,187,166,92,42,43,34,46,25,20,12,13,2,27,8,52,40,122,232,268,75.9,13,10,51,12,1
2015,1,1,12,1,366,241,125,114,57,32,40,50,16,17,21,9,5,35,16,63,35,142,224,272,74.3,13,22,43,19,1
2015,1,12,1,0,316,172,144,72,50,41,27,48,17,16,9,6,3,18,6,47,33,115,190,224,70.9,9,6,30,14,0
2015,1,6,13,1,366,200,166,73,41,51,41,44,27,20,11,6,3,20,7,58,31,138,230,269,73.5,9,5,39,6,1
2015,1,13,6,0,390,224,166,128,73,25,30,53,20,27,10,6,2,18,7,42,44,112,284,308,79,6,10,45,11,0
2015,1,10,7,1,367,236,131,124,59,39,33,39,18,21,17,15,6,38,11,60,32,144,226,281,76.6,23,17,42,16,1
2015,1,7,10,0,345,190,155,99,56,26,25,41,21,18,8,9,4,21,6,42,36,114,234,256,74.2,9,13,47,5,0
2015,2,17,3,1,356,204,152,87,69,59,47,34,19,13,20,11,0,31,16,49,20,139,219,271,76.1,9,11,48,15,1
2015,2,3,17,0,320,192,128,102,58,27,29,42,13,19,9,8,0,17,7,35,27,118,207,235,73.4,14,10,55,15,0
2015,2,14,18,1,403,224,179,113,51,36,34,51,30,13,9,10,2,21,7,54,33,143,260,300,74.4,14,17,28,13,0
2015,2,18,14,0,326,195,131,83,73,41,32,58,13,30,12,10,3,25,10,48,38,125,202,240,73.6,9,7,46,12,1
2015,2,9,11,1,356,201,155,82,78,43,50,47,28,18,15,7,4,26,11,62,24,137,220,268,75.3,9,11,31,19,1
2015,2,11,9,0,305,183,122,78,61,38,36,49,18,28,8,7,1,16,2,34,41,127,173,224,73.4,14,6,27,4,0
2015,2,4,1,1,352,189,163,61,64,40,29,54,17,18,9,8,1,18,6,44,43,155,190,243,69,11,12,55,7,0
2015,2,1,4,0,426,258,168,126,68,38,45,45,18,17,12,13,5,30,11,58,32,147,272,303,71.1,7,17,41,4,1
2015,2,8,15,1,358,181,177,52,53,39,52,52,19,17,10,15,1,26,8,50,35,148,206,258,72.1,8,7,60,13,0
2015,2,15,8,0,384,225,159,105,66,53,34,36,17,19,16,7,1,24,11,54,35,140,243,288,75,11,15,42,3,1
2015,2,13,16,1,438,223,215,104,52,30,36,47,21,14,6,6,2,14,4,62,36,135,297,314,71.7,6,9,52,5,0
2015,2,16,13,0,417,215,202,88,76,57,45,61,14,21,14,7,1,22,9,52,51,146,277,311,74.6,7,5,50,2,1
2015,2,7,6,1,321,159,162,76,72,32,31,59,15,26,9,5,1,15,7,41,36,129,193,227,70.7,11,8,40,7,0
2015,2,6,7,0,409,237,172,117,61,61,41,37,26,15,15,10,4,29,12,55,30,148,264,313,76.5,13,13,39,7,1
2015,2,5,10,1,435,227,208,114,74,36,29,41,18,20,12,5,1,18,10,52,42,138,298,338,77.7,10,10,39,10,1
2015,2,10,5,0,376,206,170,84,62,49,49,48,20,18,11,8,2,21,8,58,35,141,245,274,72.9,6,8,59,18,0
2015,2,12,2,1,401,206,195,91,53,41,42,52,25,21,20,12,1,33,14,58,37,143,256,302,75.3,15,22,47,11,1
2015,2,2,12,0,305,168,137,78,55,32,24,52,21,25,7,5,4,16,2,45,33,119,190,224,73.4,5,6,30,6,0
2015,3,4,15,1,371,220,151,78,74,40,46,45,28,16,21,9,5,35,15,77,25,173,202,258,69.5,9,21,58,5,1
2015,3,15,4,0,360,204,156,85,70,40,37,66,16,28,10,6,0,16,8,42,52,157,211,244,67.8,8,11,58,3,0
2015,3,3,5,1,336,200,136,67,42,40,53,46,21,19,11,14,4,29,9,57,38,159,178,232,69,14,9,46,11,0
2015,3,5,3,0,385,236,149,129,58,40,30,42,19,21,16,8,1,25,13,57,43,116,261,302,78.4,14,15,47,6,1
2015,3,1,11,1,325,208,117,59,108,66,54,48,21,15,12,6,2,20,8,54,28,155,158,205,63.1,8,5,54,4,1
2015,3,11,1,0,329,186,143,48,84,60,50,51,15,21,7,11,2,20,4,42,36,164,159,196,59.6,8,5,41,1,0
2015,3,16,9,1,384,201,183,80,60,37,44,44,17,19,16,13,2,31,10,53,35,123,253,284,74,4,8,35,7,1
2015,3,9,16,0,406,213,193,102,55,37,34,41,19,17,12,12,6,30,7,50,36,136,281,302,74.4,4,7,36,12,0
2015,3,12,13,1,387,197,190,80,63,50,40,53,19,23,16,6,3,25,12,53,38,142,256,284,73.4,0,9,35,18,0
2015,3,13,12,0,370,201,169,79,72,43,44,48,23,19,17,10,1,28,12,55,32,140,230,265,71.6,6,13,43,7,1
2015,3,2,14,1,335,173,162,66,58,48,37,55,26,20,8,8,2,18,5,46,31,148,192,228,68.1,6,6,36,0,0
2015,3,14,2,0,403,237,166,90,59,35,39,49,20,26,21,8,3,32,15,57,33,153,245,301,74.7,12,23,41,3,1
2015,3,10,18,1,478,252,226,118,67,45,39,42,11,14,19,11,2,32,15,61,31,147,322,365,76.4,22,23,42,9,1
2015,3,18,10,0,322,166,156,65,55,33,34,39,14,11,8,4,5,17,6,41,37,125,200,231,71.7,9,9,60,0,0
2015,3,7,8,1,373,211,162,70,64,40,40,47,13,15,16,7,2,25,11,52,47,152,210,259,69.4,7,7,51,3,1
2015,3,8,7,0,355,210,145,69,54,44,54,39,15,13,13,14,4,31,8,67,30,165,179,227,63.9,14,10,45,13,0
2015,3,17,6,1,340,184,156,92,53,27,26,33,20,13,12,6,3,21,9,39,33,115,224,271,79.7,7,9,45,6,0
2015,3,6,17,0,416,250,166,136,56,47,44,39,13,20,17,8,1,26,12,52,26,135,284,347,83.4,17,17,32,8,1
2015,4,14,11,1,306,176,130,51,95,47,46,59,30,24,6,13,2,21,3,57,28,155,156,200,65.4,10,7,60,14,0
2015,4,11,14,0,317,184,133,55,99,39,39,49,24,30,12,8,3,23,8,43,46,160,150,208,65.6,10,8,37,9,1
2015,4,15,3,1,308,179,129,59,96,54,44,57,19,30,12,7,2,21,8,46,37,153,150,193,62.7,4,7,25,7,0
2015,4,3,15,0,375,193,182,71,86,57,51,44,30,18,18,11,2,31,10,61,30,169,205,257,68.5,11,12,49,3,1
2015,4,5,4,1,420,239,181,116,83,32,30,47,22,20,6,9,4,19,5,57,47,160,264,297,70.7,12,9,51,1,0
2015,4,4,5,0,338,210,128,73,74,31,39,58,20,22,9,9,6,24,6,61,40,165,174,219,64.8,13,7,55,2,1
2015,4,9,8,1,459,236,223,98,57,44,42,39,16,11,16,19,4,39,14,60,42,160,294,336,73.2,10,19,55,13,1
2015,4,8,9,0,301,181,120,51,65,36,37,46,11,16,7,8,3,18,5,51,33,134,163,195,64.8,7,6,57,4,0
2015,4,13,10,1,332,193,139,70,69,39,46,56,19,16,15,7,2,24,11,43,59,142,183,233,70.2,11,10,54,2,1
2015,4,10,13,0,391,228,163,99,54,54,40,53,16,20,13,10,3,26,11,79,25,141,251,287,73.4,13,10,49,14,0
2015,4,6,16,1,315,188,127,98,54,44,29,41,26,20,11,8,0,19,4,39,36,109,200,255,81,10,10,30,5,1
2015,4,16,6,0,370,212,158,109,57,26,38,53,20,26,8,9,3,20,7,47,27,119,246,279,75.4,12,14,35,4,0
2015,4,2,17,1,360,189,171,91,67,39,37,47,11,13,9,10,1,20,7,39,49,114,243,274,76.1,9,9,46,14,0
2015,4,17,2,0,367,193,174,80,57,56,44,33,13,11,17,14,2,33,8,71,24,130,237,287,78.2,12,14,44,7,1
2015,4,7,12,1,302,180,122,87,69,34,34,54,12,28,9,8,5,22,8,56,35,118,179,211,69.9,15,16,49,4,0
2015,4,12,7,0,391,204,187,83,53,47,38,42,28,12,12,7,4,23,9,50,43,150,247,278,71.1,6,7,54,16,1
2015,4,18,1,1,401,225,176,105,71,29,34,31,12,12,18,14,3,35,11,63,38,143,258,311,77.6,14,10,49,12,1
2015,4,1,18,0,365,222,143,103,52,48,43,50,12,12,10,8,0,18,5,51,43,142,211,246,67.4,11,10,48,9,0
2015,5,3,4,1,298,166,132,44,47,49,38,42,18,20,6,7,2,15,3,36,41,126,162,204,68.5,7,6,59,3,0
2015,5,4,3,0,376,230,146,111,82,27,40,37,20,18,18,11,1,30,12,60,27,127,246,304,80.9,9,17,46,13,1
2015,5,14,7,1,374,173,201,84,58,30,37,45,27,18,11,7,3,21,8,44,29,109,259,292,78.1,7,12,33,13,0
2015,5,7,14,0,352,191,161,116,44,37,29,40,18,27,12,9,4,25,9,43,31,116,249,282,80.1,11,13,34,8,1
2015,5,16,18,1,380,205,175,45,109,75,54,50,18,16,10,11,2,23,5,61,39,178,183,240,63.2,8,8,60,2,0
2015,5,18,16,0,366,215,151,48,93,36,47,59,16,18,11,8,3,22,5,59,49,178,170,215,58.7,4,5,59,3,1
2015,5,8,2,1,394,219,175,87,92,30,44,51,32,25,18,9,1,28,13,53,41,159,241,292,74.1,12,6,51,18,1
2015,5,2,8,0,384,211,173,93,62,50,40,53,25,32,7,7,5,19,5,53,32,140,244,274,71.4,5,10,35,2,0
2015,5,12,10,1,359,183,176,93,51,45,40,33,15,14,10,6,4,20,6,40,39,127,236,267,74.4,9,8,28,8,0
2015,5,10,12,0,409,250,159,125,49,37,40,34,14,15,19,15,1,35,15,60,28,123,285,317,77.5,6,19,44,12,1
2015,5,17,9,1,409,242,167,117,62,41,33,46,26,22,18,10,2,30,13,57,27,132,277,321,78.5,8,16,42,15,1
2015,5,9,17,0,373,197,176,92,68,30,34,57,22,26,4,9,0,13,4,37,37,112,257,275,73.7,5,7,48,22,0
2015,5,11,6,1,303,181,122,92,58,34,28,44,19,14,6,11,3,20,3,39,38,113,195,224,73.9,15,7,43,4,0
2015,5,6,11,0,416,238,178,136,59,40,42,45,14,19,18,7,3,28,12,59,30,122,295,340,81.7,17,17,39,19,1
2015,5,15,5,1,399,204,195,87,68,50,32,57,26,25,11,11,3,25,9,46,44,144,254,296,74.2,12,11,56,21,0
2015,5,5,15,0,374,205,169,86,64,30,36,48,25,26,11,12,4,27,6,57,29,133,238,285,76.2,5,8,37,10,1
2015,5,1,13,1,342,200,142,66,70,39,47,51,16,19,13,12,1,26,9,71,24,140,207,245,71.6,2,10,37,8,0
2015,5,13,1,0,394,221,173,102,62,63,34,43,19,16,18,7,0,25,12,42,51,138,249,293,74.4,13,12,44,6,1
2015,6,4,7,1,339,194,145,85,67,46,31,48,17,13,8,9,2,19,6,48,32,132,207,231,68.1,9,13,43,4,0
2015,6,7,4,0,425,230,195,120,84,21,38,44,13,17,15,6,4,25,13,53,39,143,289,323,76,7,16,34,7,1
2015,6,12,14,1,324,188,136,95,56,39,25,54,17,26,16,10,3,29,12,41,34,114,208,239,73.8,11,15,32,4,1
2015,6,14,12,0,356,178,178,71,52,30,37,45,26,17,10,9,5,24,4,50,23,124,232,261,73.3,14,14,35,4,0
2015,6,18,15,1,323,174,149,67,64,28,42,48,19,16,13,6,3,22,7,62,29,138,184,234,72.4,14,14,33,8,0
2015,6,15,18,0,401,223,178,114,59,48,35,48,16,19,14,8,2,24,7,47,44,136,260,293,73.1,10,16,40,16,1
2015,6,9,10,1,348,192,156,81,74,43,36,51,22,18,16,9,3,28,11,53,41,132,204,253,72.7,10,9,39,9,1
2015,6,10,9,0,414,220,194,101,69,45,46,56,18,22,14,11,3,28,12,56,31,137,273,302,72.9,5,11,42,8,0
2015,6,8,1,1,345,188,157,92,61,29,30,51,20,16,11,7,5,23,4,40,39,128,215,254,73.6,13,10,33,16,0
2015,6,1,8,0,382,246,136,146,62,30,30,48,16,20,18,9,2,29,15,60,24,123,261,291,76.2,15,21,40,8,1
2015,6,11,16,1,337,189,148,87,73,37,38,39,17,14,7,8,0,15,3,31,40,123,209,232,68.8,7,8,35,7,0
2015,6,16,11,0,375,217,158,94,87,59,38,49,14,17,12,12,4,28,8,60,22,131,242,274,73.1,8,14,35,10,1
2015,6,6,5,1,390,223,167,107,59,47,35,37,20,8,12,6,2,20,6,43,35,148,243,295,75.6,16,10,40,8,1
2015,6,5,6,0,359,204,155,87,65,30,36,51,8,20,7,6,4,17,5,45,28,137,218,260,72.4,3,7,44,6,0
2015,6,3,2,1,332,184,148,68,63,53,48,41,19,8,11,7,2,20,8,49,26,135,201,239,72,8,16,63,6,0
2015,6,2,3,0,295,171,124,72,64,50,44,40,8,19,12,8,4,24,9,43,32,112,180,220,74.6,12,12,47,4,1
2015,6,13,17,1,363,192,171,92,96,36,38,53,13,15,10,6,2,18,8,47,35,131,238,266,73.3,10,12,60,10,0
2015,6,17,13,0,363,208,155,94,59,58,33,39,15,13,11,10,2,23,8,54,31,134,219,252,69.4,12,13,46,11,1
2015,7,5,12,1,316,188,128,83,71,35,33,49,16,22,12,10,0,22,8,54,35,128,193,234,74.1,15,8,51,3,0
2015,7,12,5,0,372,232,140,116,57,44,42,42,22,16,13,13,2,28,10,51,38,141,229,272,73.1,13,15,32,11,1
2015,7,1,15,1,418,225,193,108,61,46,42,59,16,20,18,9,2,29,11,52,41,145,272,296,70.8,10,14,27,7,1
2015,7,15,1,0,356,198,158,100,62,35,29,50,20,16,10,13,0,23,5,56,31,118,236,257,72.2,13,15,49,14,0
2015,7,10,11,1,380,210,170,94,74,59,44,34,14,14,24,9,2,35,18,58,28,128,254,294,77.4,9,23,55,16,1
2015,7,11,10,0,314,181,133,88,64,29,32,38,14,14,7,5,3,15,6,36,29,109,203,231,73.6,13,10,38,3,0
2015,7,3,9,1,345,198,147,89,41,37,40,40,12,10,9,2,1,12,6,32,57,104,227,252,73,5,8,36,8,0
2015,7,9,3,0,418,222,196,116,47,50,35,33,10,11,19,18,3,40,10,80,21,130,287,321,76.8,19,21,31,27,1
2015,7,16,7,1,426,208,218,96,54,41,34,45,17,20,18,11,1,30,12,61,35,140,281,316,74.2,10,19,32,3,1
2015,7,7,16,0,321,194,127,94,56,35,39,41,20,17,11,8,3,22,6,48,39,120,200,226,70.4,8,8,34,5,0
2015,7,17,8,1,448,248,200,118,80,55,33,33,19,8,21,7,2,30,14,67,15,151,288,332,74.1,12,14,36,2,1
2015,7,8,17,0,309,177,132,45,105,45,54,62,8,19,6,3,4,13,3,24,42,143,159,194,62.8,1,2,61,3,0
2015,7,18,6,1,329,205,124,108,78,13,33,41,25,11,14,4,0,18,11,46,44,114,211,254,77.2,10,10,44,2,0
2015,7,6,18,0,387,226,161,115,55,69,38,49,11,25,15,9,2,26,14,63,30,145,240,302,78,17,15,39,2,1
2015,7,14,4,1,367,214,153,102,63,43,35,34,21,13,16,6,3,25,15,46,34,124,240,276,75.2,11,11,37,3,1
2015,7,4,14,0,328,172,156,70,55,33,40,45,13,21,15,8,2,25,11,53,21,123,205,239,72.9,9,18,29,4,0
2015,7,2,13,1,336,201,135,57,56,51,51,44,14,16,15,10,2,27,11,53,40,142,175,229,68.2,10,9,60,5,1
2015,7,13,2,0,334,201,133,79,88,62,48,49,17,14,8,14,3,25,7,53,30,146,194,225,67.4,10,14,60,5,0
2015,8,7,3,1,381,225,156,110,60,36,37,43,21,19,22,6,2,30,17,58,31,125,255,296,77.7,16,16,25,8,1
2015,8,3,7,0,329,196,133,85,35,40,35,56,19,21,9,7,2,18,5,44,35,129,199,228,69.3,10,6,40,18,0
2015,8,15,17,1,368,186,182,91,86,36,42,51,12,19,12,4,2,18,11,47,42,125,245,277,75.3,7,12,38,13,0
2015,8,17,15,0,353,181,172,76,69,59,43,36,20,12,20,9,2,31,13,63,33,142,212,261,73.9,11,16,38,6,1
2015,8,9,1,1,393,197,196,98,68,53,34,41,12,15,16,10,2,28,11,50,27,111,274,313,79.6,8,17,42,19,1
2015,8,1,9,0,337,184,153,82,41,31,41,40,15,11,12,8,4,24,9,41,32,126,208,247,73.3,11,11,23,4,0
2015,8,8,4,1,339,194,145,97,57,36,32,30,13,9,9,8,1,18,7,44,33,113,219,247,72.9,9,9,36,3,0
2015,8,4,8,0,446,233,213,104,50,42,44,43,9,12,20,10,2,32,16,58,31,144,298,347,77.8,14,19,30,7,1
2015,8,10,16,1,368,203,165,83,73,56,48,47,23,16,9,12,3,24,6,54,23,147,222,258,70.1,8,14,54,13,0
2015,8,16,10,0,371,212,159,102,76,34,27,48,16,22,11,4,3,18,7,36,40,144,230,276,74.4,18,8,39,3,1
2015,8,6,12,1,425,221,204,104,54,47,37,45,17,22,17,11,2,30,10,45,38,147,288,318,74.8,6,8,36,4,1
2015,8,12,6,0,335,178,157,85,71,36,30,56,22,17,5,9,3,17,1,46,24,125,213,243,72.5,7,10,38,0,0
2015,8,5,2,1,383,219,164,106,68,45,36,57,25,24,21,9,1,31,15,51,34,145,237,285,74.4,18,17,44,10,1
2015,8,2,5,0,276,168,108,69,54,34,41,46,24,25,12,4,2,18,6,48,27,114,162,207,75,8,8,44,1,0
2015,8,11,18,1,381,223,158,103,88,52,42,41,20,16,15,7,6,28,11,53,39,151,227,279,73.2,14,17,34,1,1
2015,8,18,11,0,327,169,158,63,84,50,34,51,16,20,9,9,1,19,3,51,31,135,191,225,68.8,8,9,51,13,0
2015,8,13,14,1,366,184,182,81,70,61,49,56,18,18,5,10,3,18,5,53,27,146,221,247,67.5,14,6,55,3,0
2015,8,14,13,0,349,206,143,72,87,31,44,51,18,18,11,6,4,21,5,43,44,150,194,236,67.6,7,14,40,2,1
2015,9,16,3,1,399,228,171,104,82,70,44,40,16,12,19,6,2,27,14,62,32,137,257,294,73.7,9,14,39,5,1
2015,9,3,16,0,336,196,140,81,65,34,48,42,12,16,9,7,1,17,5,45,42,132,193,232,69,5,8,34,5,0
2015,9,10,8,1,474,257,217,114,85,48,43,56,18,21,14,6,3,23,11,65,30,151,317,364,76.8,10,11,67,9,1
2015,9,8,10,0,307,171,136,52,73,40,37,59,21,18,6,3,1,10,4,39,45,148,161,191,62.2,12,6,43,10,0
2015,9,11,13,1,307,175,132,72,57,44,40,29,18,15,8,5,1,14,4,40,30,121,183,221,72,7,6,26,7,0
2015,9,13,11,0,359,226,133,123,74,57,47,41,15,18,18,6,1,25,12,50,29,132,233,272,75.8,12,13,44,9,1
2015,9,18,9,1,396,235,161,105,58,48,45,44,23,14,16,12,5,33,11,63,28,161,235,291,73.5,15,12,29,14,1
2015,9,9,18,0,330,183,147,89,74,49,39,57,14,23,11,1,1,13,9,41,46,113,210,245,74.2,5,6,41,15,0
2015,9,14,5,1,351,222,129,108,44,30,34,37,21,16,10,7,5,22,7,48,35,137,208,263,74.9,14,12,41,10,1
2015,9,5,14,0,361,208,153,103,51,40,36,46,16,21,8,7,4,19,4,45,37,126,235,268,74.2,15,10,46,1,0
2015,9,1,6,1,366,238,128,67,88,27,48,47,20,13,7,13,2,22,3,55,42,188,172,214,58.5,12,9,64,3,0
2015,9,6,1,0,341,204,137,64,72,86,52,45,13,20,10,5,3,18,7,56,43,151,181,231,67.7,10,5,40,1,1
2015,9,2,15,1,378,202,176,104,40,44,34,54,16,22,13,7,1,21,12,44,35,129,264,290,76.7,7,16,51,6,0
2015,9,15,2,0,363,215,148,88,56,40,44,44,23,16,16,10,2,28,8,57,31,136,222,274,75.5,15,12,44,8,1
2015,9,4,12,1,347,209,138,81,91,44,47,46,14,16,17,5,5,27,13,51,34,144,192,225,64.8,6,11,53,3,1
2015,9,12,4,0,353,189,164,72,89,53,37,50,16,14,14,10,1,25,10,53,28,146,203,244,69.1,13,16,42,3,0
2015,9,17,7,1,395,219,176,102,55,56,47,30,25,11,16,20,4,40,11,61,23,147,250,301,76.2,11,20,33,11,1
2015,9,7,17,0,322,161,161,72,79,39,32,53,11,25,10,3,1,14,9,34,33,116,212,239,74.2,14,9,41,5,0
2015,10,6,14,1,304,172,132,51,57,72,52,45,20,22,10,7,3,20,6,45,19,144,158,204,67.1,6,7,41,3,0
2015,10,14,6,0,349,210,139,94,63,30,35,43,22,20,15,5,2,22,11,36,30,127,218,256,73.4,9,14,48,8,1
2015,10,3,1,1,410,220,190,102,51,31,37,49,15,13,14,4,2,20,11,55,38,140,269,301,73.4,17,14,40,12,0
2015,10,1,3,0,322,195,127,82,67,44,42,47,13,15,14,13,2,29,9,56,40,137,184,228,70.8,16,15,42,4,1
2015,10,8,16,1,304,198,106,84,48,28,33,58,22,19,5,9,2,16,2,39,44,120,181,199,65.5,13,9,37,9,0
2015,10,16,8,0,449,227,222,103,51,51,44,53,19,22,13,11,4,28,6,58,32,140,311,335,74.6,6,12,30,6,1
2015,10,5,7,1,406,211,195,91,58,41,46,50,16,19,7,9,2,18,6,52,39,148,258,287,70.7,15,14,39,8,0
2015,10,7,5,0,397,243,154,126,66,32,28,38,19,16,19,5,3,27,12,61,39,145,250,300,75.6,17,13,44,10,1
2015,10,13,18,1,343,214,129,99,87,58,47,36,12,11,16,4,0,20,12,44,32,140,204,246,71.7,12,14,64,9,1
2015,10,18,13,0,300,164,136,55,85,70,58,37,11,12,9,5,3,17,5,46,25,152,144,188,62.7,12,7,39,4,0
2015,10,9,2,1,352,197,155,86,83,56,53,41,13,16,14,12,1,27,12,54,24,132,218,256,72.7,14,20,39,6,1
2015,10,2,9,0,348,203,145,102,55,49,35,44,16,13,10,6,1,17,5,37,35,117,227,253,72.7,11,11,41,10,0
2015,10,12,17,1,333,199,134,56,91,55,47,48,14,21,13,6,1,20,9,49,46,160,169,217,65.2,14,8,35,14,1
2015,10,17,12,0,354,184,170,62,69,46,39,47,21,14,10,8,7,25,5,63,34,156,201,247,69.8,13,7,45,8,0
2015,10,15,10,1,409,224,185,128,50,32,30,51,10,20,10,6,3,19,8,51,36,119,287,321,78.5,11,14,29,11,0
2015,10,10,15,0,357,215,142,95,44,38,41,42,20,10,20,10,2,32,11,58,35,135,220,261,73.1,10,15,48,7,1
2015,10,11,4,1,370,180,190,65,67,41,40,39,16,13,13,7,0,20,10,47,33,142,229,283,76.5,11,8,45,6,0
2015,10,4,11,0,373,227,146,105,57,32,36,41,13,16,17,6,2,25,10,53,30,146,233,283,75.9,15,16,48,4,1
2015,11,13,7,1,325,193,132,54,76,59,53,61,18,17,11,2,1,14,6,55,34,158,165,199,61.2,6,6,61,5,0
2015,11,7,13,0,337,216,121,77,77,63,57,49,17,18,14,7,1,22,6,53,42,151,177,237,70.3,12,9,44,2,1
2015,11,8,6,1,316,192,124,73,87,28,34,53,16,14,7,2,2,11,4,27,42,137,169,203,64.2,8,2,47,3,0
2015,11,6,8,0,388,227,161,94,81,84,57,43,14,16,6,13,4,23,4,53,20,148,238,274,70.6,7,12,49,3,1
2015,11,17,5,1,362,202,160,88,57,73,51,34,16,13,14,11,1,26,7,55,26,149,213,254,70.2,10,12,50,7,1
2015,11,5,17,0,413,214,199,120,97,28,37,52,13,16,6,8,2,16,4,35,33,128,292,321,77.7,10,6,34,4,0
2015,11,12,16,1,327,190,137,85,61,44,43,44,24,18,10,13,2,25,6,44,38,125,199,232,70.9,12,9,29,8,0
2015,11,16,12,0,380,210,170,124,70,37,27,46,18,24,14,5,2,21,11,52,31,119,266,288,75.8,12,13,37,10,1
2015,11,4,9,1,389,209,180,85,60,50,40,36,16,9,18,6,5,29,14,56,26,156,237,284,73,18,14,43,9,1
2015,11,9,4,0,397,198,199,93,76,38,39,49,9,16,11,9,2,22,11,42,36,125,271,287,72.3,7,18,46,19,0
2015,11,15,11,1,307,192,115,87,99,47,35,32,17,15,12,10,3,25,9,58,29,125,187,217,70.7,11,11,39,9,1
2015,11,11,15,0,415,196,219,90,70,53,38,46,15,17,12,7,4,23,8,42,42,141,276,319,76.9,11,10,38,5,0
2015,12,1,10,1,365,208,157,83,56,46,45,51,13,14,12,9,4,25,10,48,38,153,201,246,67.4,10,10,52,2,0
2015,12,10,1,0,351,212,139,80,75,54,43,41,14,13,17,8,4,29,12,62,29,143,205,252,71.8,7,10,53,9,1
2015,12,14,17,1,346,194,152,90,61,25,30,47,25,13,10,8,2,20,7,46,30,130,215,255,73.7,12,8,43,4,0
2015,12,17,14,0,369,205,164,110,52,46,39,42,13,25,13,10,2,25,8,44,29,118,257,285,77.2,9,13,36,8,1
2015,12,3,13,1,366,210,156,79,71,40,45,33,24,10,17,5,3,25,10,57,32,150,218,265,72.4,10,11,52,13,1
2015,12,13,3,0,388,188,200,81,56,52,40,52,10,24,16,7,3,26,12,53,34,147,252,286,73.7,13,14,43,7,0
2015,12,9,12,1,337,198,139,106,74,23,30,44,18,15,8,7,6,21,4,46,38,115,217,237,70.3,10,6,35,10,0
2015,12,12,9,0,379,215,164,98,50,89,58,50,15,18,18,8,1,27,15,56,35,133,238,274,72.3,8,10,28,10,1
2015,12,18,2,1,365,198,167,98,71,37,40,39,19,17,22,8,6,36,13,57,24,134,237,282,77.3,12,13,29,17,1
2015,12,2,18,0,321,192,129,110,67,53,37,44,17,19,11,6,2,19,9,39,30,106,213,251,78.2,10,9,31,12,0
2015,12,7,11,1,300,174,126,73,95,44,40,43,19,21,13,10,1,24,11,58,23,132,164,212,70.7,13,11,53,10,0
2015,12,11,7,0,355,188,167,57,72,69,53,49,21,19,18,3,2,23,12,44,42,159,191,265,74.6,13,11,40,8,1
2015,13,6,4,1,371,206,165,69,68,67,52,38,15,17,12,7,1,20,9,43,26,159,215,271,73,7,6,36,0,1
2015,13,4,6,0,345,200,145,74,94,31,42,46,17,15,11,2,5,18,8,40,28,141,207,243,70.4,5,5,66,3,0
2015,13,16,14,1,359,195,164,91,60,35,34,53,21,21,11,8,3,22,9,57,36,122,236,268,74.7,10,13,43,1,0
2015,13,14,16,0,358,219,139,97,40,33,33,37,21,20,14,8,3,25,10,55,39,146,212,250,69.8,13,14,47,1,1
2015,13,10,5,1,384,222,162,110,50,50,39,43,13,17,16,14,4,34,11,54,34,134,256,286,74.5,13,14,50,20,1
2015,13,5,10,0,394,195,199,102,60,24,25,43,17,13,11,9,1,21,7,49,32,132,265,288,73.1,13,10,39,1,0
2015,13,2,1,1,359,200,159,88,60,55,44,43,14,18,10,8,1,19,5,50,41,139,222,257,71.6,11,10,41,7,0
2015,13,1,2,0,338,200,138,70,70,49,41,37,18,14,11,13,3,27,10,60,37,158,175,220,65.1,13,13,40,8,1
2015,13,15,18,1,383,235,148,102,68,35,35,39,18,17,7,9,5,21,5,56,34,135,251,286,74.7,11,14,56,10,0
2015,13,18,15,0,362,205,157,111,54,33,28,31,17,18,9,4,4,17,6,44,42,114,252,277,76.5,11,8,41,5,1
2015,13,3,8,1,412,233,179,112,57,47,46,38,19,13,14,16,3,33,10,52,32,136,277,304,73.8,10,16,42,10,1
2015,13,8,3,0,282,184,98,94,49,23,24,48,13,19,9,11,4,24,4,47,31,106,164,206,73,11,7,39,14,0
2015,14,16,13,1,338,197,141,84,84,35,42,41,16,16,14,9,1,24,9,47,35,138,198,236,69.8,11,14,33,6,1
2015,14,13,16,0,379,193,186,83,67,63,40,54,16,16,12,9,3,24,7,52,28,138,236,275,72.6,11,9,37,8,0
2015,14,4,10,1,381,196,185,83,79,47,46,32,18,12,12,17,2,31,6,46,29,142,237,273,71.7,10,15,37,1,0
2015,14,10,4,0,376,191,185,98,69,48,33,39,13,18,15,9,2,26,10,50,27,122,253,278,73.9,5,10,34,7,1
2015,14,14,9,1,345,208,137,94,59,55,44,47,18,17,10,14,4,28,8,53,24,131,218,241,69.9,7,8,53,5,1
2015,14,9,14,0,310,209,101,102,67,37,37,44,17,18,10,7,2,19,6,37,39,113,192,233,75.2,13,10,50,6,0
2015,14,8,12,1,339,195,144,75,67,33,44,48,14,14,19,8,3,30,14,66,40,145,197,232,68.4,7,15,57,22,1
2015,14,12,8,0,369,193,176,78,82,67,43,39,14,13,10,6,4,20,8,56,40,148,222,264,71.5,11,10,34,1,0
2015,14,18,3,1,388,224,164,108,65,49,49,40,15,8,9,9,1,19,7,55,36,140,244,289,74.5,8,11,41,10,1
2015,14,3,18,0,341,200,141,98,71,47,32,46,8,15,7,10,1,18,4,49,42,121,212,250,73.3,14,8,44,8,0
2015,14,11,17,1,305,169,136,70,61,40,37,46,12,20,9,4,2,15,6,45,30,117,181,229,75.1,10,9,41,5,0
2015,14,17,11,0,347,210,137,98,59,59,40,35,20,12,16,13,5,34,13,53,33,121,219,264,76.1,5,15,30,8,1
2015,14,5,15,1,304,152,152,71,54,37,34,42,14,9,8,4,0,12,6,37,29,119,192,211,69.4,8,9,34,3,0
2015,14,15,5,0,445,249,196,142,61,40,39,40,9,14,25,8,4,37,21,60,28,142,311,350,78.7,15,26,36,20,1
2015,14,6,2,1,375,212,163,65,114,81,50,55,19,18,13,5,1,19,10,53,24,182,192,246,65.6,11,10,58,1,1
2015,14,2,6,0,296,193,103,61,121,56,52,49,18,19,7,4,2,13,3,31,36,150,135,174,58.8,7,5,57,2,0
2015,15,13,4,1,352,195,157,70,81,56,48,37,7,8,9,7,5,21,8,55,34,137,200,235,66.8,6,13,41,4,1
2015,15,4,13,0,393,214,179,64,90,68,58,47,8,7,9,6,3,18,6,50,41,159,213,243,61.8,6,5,50,2,0
2015,15,14,3,1,331,209,122,105,56,47,34,50,30,25,10,9,2,21,6,52,28,126,200,243,73.4,16,13,33,17,1
2015,15,3,14,0,312,184,128,86,74,34,33,59,25,30,5,11,0,16,4,36,39,110,207,238,76.3,10,8,35,6,0
2015,15,5,11,1,355,204,151,72,84,33,40,49,13,19,10,6,3,19,7,45,45,145,201,252,71,15,11,57,6,1
2015,15,11,5,0,319,188,131,60,81,71,45,39,19,13,7,15,3,25,3,58,33,156,162,213,66.8,12,10,56,4,0
2015,15,18,8,1,392,237,155,106,51,45,33,60,17,23,14,10,1,25,11,58,37,151,246,283,72.2,11,10,39,10,1
2015,15,8,18,0,314,195,119,73,69,35,43,58,23,17,11,4,3,18,9,51,39,144,167,219,69.7,14,12,50,10,0
2015,15,12,7,1,382,195,187,85,79,52,42,43,26,13,18,9,3,30,13,49,38,149,241,284,74.3,8,17,42,6,1
2015,15,7,12,0,352,157,195,73,89,46,31,53,13,26,11,10,3,24,7,53,28,129,223,258,73.3,12,13,43,9,0
2015,15,17,1,1,453,244,209,114,51,57,51,31,17,7,22,13,2,37,17,73,19,153,297,336,74.2,12,16,51,4,1
2015,15,1,17,0,331,194,137,83,57,38,35,46,7,17,14,6,1,21,12,37,40,132,195,234,70.7,15,12,45,4,0
2015,15,9,15,1,371,204,167,82,96,39,42,50,23,19,12,11,1,24,8,49,53,159,210,261,70.4,11,8,45,9,1
2015,15,15,9,0,373,200,173,84,92,55,39,58,19,23,6,9,4,19,5,59,32,141,237,258,69.2,11,8,32,8,0
2015,15,10,6,1,427,247,180,126,83,44,49,36,21,12,17,8,5,30,11,54,30,123,307,348,81.5,9,16,52,7,1
2015,15,6,10,0,308,165,143,76,58,58,30,49,12,21,6,6,1,13,5,38,32,124,185,208,67.5,11,8,27,2,0
2015,15,2,16,1,370,206,164,101,53,53,40,43,20,17,7,7,0,14,4,47,35,141,235,253,68.4,8,7,52,12,0
2015,15,16,2,0,400,208,192,88,83,55,42,46,17,20,10,6,4,20,8,48,34,141,258,299,74.8,8,8,32,2,1
2015,16,12,5,1,364,201,163,82,67,58,43,42,22,17,14,9,0,23,9,53,34,142,221,266,73.1,11,11,39,20,1
2015,16,5,12,0,349,187,162,88,73,20,28,48,17,22,9,9,5,23,4,51,37,129,219,251,71.9,11,10,43,10,0
2015,16,7,18,1,393,209,184,106,86,41,40,42,14,9,10,11,1,22,8,49,41,153,245,289,73.5,19,14,50,4,1
2015,16,18,7,0,365,182,183,73,93,57,41,46,9,14,9,6,4,19,7,51,34,131,229,256,70.1,5,8,41,8,0
2015,16,8,9,1,305,175,130,79,75,47,34,39,22,12,12,7,0,19,8,37,37,122,180,227,74.4,14,12,54,8,0
2015,16,9,8,0,384,227,157,121,62,49,45,39,12,22,13,12,4,29,11,53,24,127,255,291,75.8,12,13,37,28,1
2015,16,4,17,1,388,201,187,98,72,22,30,45,24,8,7,8,6,21,4,41,43,121,268,305,78.6,4,9,53,5,0
2015,16,17,4,0,394,219,175,116,45,44,31,51,8,24,11,16,5,32,8,61,30,129,258,291,73.9,15,16,42,4,1
2015,16,16,10,1,398,202,196,78,71,39,38,55,18,25,7,11,4,22,2,51,24,148,252,288,72.4,6,8,36,4,0
2015,16,10,16,0,381,221,160,95,65,49,36,42,25,18,23,8,0,31,19,52,38,132,243,289,75.9,13,15,54,11,1
2015,16,6,3,1,390,210,180,80,84,66,41,30,14,19,13,14,3,30,9,61,25,160,227,270,69.2,13,10,35,8,1
2015,16,3,6,0,372,215,157,101,74,29,37,40,19,13,8,4,1,13,8,34,40,132,238,275,73.9,5,5,43,3,0
2015,16,11,2,1,328,188,140,94,72,49,23,44,20,22,8,9,3,20,7,43,30,122,206,246,75,16,13,48,7,1
2015,16,2,11,0,353,210,143,113,88,44,42,44,22,20,4,11,1,16,2,37,31,128,234,246,69.7,10,8,34,4,0
2015,16,13,1,1,335,194,141,92,77,43,39,47,19,18,17,9,2,28,12,52,28,117,212,248,74,13,12,36,12,0
2015,16,1,13,0,335,199,136,71,60,57,51,61,18,19,18,7,1,26,14,50,34,145,190,230,68.7,8,13,37,10,1
2015,16,15,14,1,360,206,154,92,72,28,35,50,24,21,10,10,3,23,6,47,33,127,230,273,75.8,5,14,49,10,0
2015,16,14,15,0,385,211,174,100,47,42,29,49,21,24,13,10,1,24,9,48,33,141,244,285,74,10,12,48,6,1
2015,17,3,10,1,339,169,170,81,32,35,27,61,17,30,4,6,5,15,1,32,35,113,236,253,74.6,9,6,33,6,0
2015,17,10,3,0,453,258,195,138,40,21,33,38,30,17,27,10,1,38,16,65,26,142,311,378,83.4,18,22,52,7,1
2015,17,9,7,1,353,199,154,84,58,41,34,54,22,20,6,5,1,12,3,41,40,130,223,256,72.5,8,10,41,16,0
2015,17,7,9,0,372,192,180,91,45,39,36,49,20,22,9,12,3,24,7,53,33,127,237,283,76.1,16,15,40,7,1
2015,17,1,8,1,386,218,168,87,50,45,43,64,23,27,19,8,3,30,16,65,27,167,216,269,69.7,18,14,24,2,1
2015,17,8,1,0,331,207,124,88,67,31,35,59,27,23,12,8,0,20,10,45,41,131,194,223,67.4,10,14,41,7,0
2015,17,14,6,1,347,216,131,107,67,34,34,39,24,18,10,15,3,28,5,52,26,136,210,242,69.7,6,10,36,6,0
2015,17,6,14,0,325,170,155,73,78,49,33,49,18,24,12,7,3,22,8,41,38,118,213,232,71.4,8,9,43,4,1
2015,17,5,13,1,387,214,173,91,67,38,43,47,25,19,17,13,1,31,13,49,28,144,240,284,73.4,7,12,40,2,0
2015,17,13,5,0,292,168,124,61,76,60,46,52,19,25,20,4,5,29,12,50,24,126,165,207,70.9,5,10,33,17,1
2015,17,2,12,1,342,190,152,92,62,60,48,56,21,32,5,7,1,13,1,33,39,124,223,237,69.3,6,6,49,4,0
2015,17,12,2,0,351,190,161,65,84,45,50,41,32,21,16,10,4,30,10,61,27,134,215,259,73.8,5,14,43,3,1
2015,17,18,4,1,452,232,220,122,43,34,34,47,22,23,15,14,0,29,10,60,33,148,310,345,76.3,12,18,45,5,1
2015,17,4,18,0,356,192,164,81,66,37,36,55,23,22,13,7,1,21,10,46,38,137,218,273,76.7,11,9,41,3,0
2015,17,11,15,1,373,178,195,78,58,40,30,61,22,32,6,10,0,16,4,44,41,132,244,280,75.1,13,5,39,4,0
2015,17,15,11,0,340,222,118,104,83,25,35,50,32,22,12,8,3,23,7,57,36,140,203,258,75.9,13,8,42,11,1
2015,17,17,16,1,416,208,208,88,63,71,45,45,14,18,15,8,5,28,11,58,25,173,245,299,71.9,17,11,33,8,1
2015,17,16,17,0,367,178,189,86,91,26,32,40,18,14,7,8,1,16,5,35,38,128,239,273,74.4,12,8,50,7,0
2015,18,10,14,1,365,177,188,64,71,45,38,47,15,20,7,6,5,18,3,43,31,125,246,273,74.8,8,8,64,9,0
2015,18,14,10,0,371,227,144,110,52,41,40,41,20,15,10,6,5,21,6,44,32,146,225,263,70.9,12,13,52,4,1
2015,18,7,2,1,409,206,203,113,69,30,33,42,17,19,17,10,1,28,13,50,26,109,305,333,81.4,7,23,27,3,1
2015,18,2,7,0,342,196,146,110,56,46,35,43,19,17,8,8,1,17,8,37,31,105,241,256,74.9,10,15,33,2,0
2015,18,4,11,1,360,173,187,63,82,36,40,39,16,16,7,10,2,19,4,58,24,140,224,259,71.9,12,10,51,7,0
2015,18,11,4,0,393,203,190,96,65,38,33,38,16,16,13,12,1,26,9,44,43,156,237,292,74.3,25,17,38,6,1
2015,18,16,1,1,460,228,232,122,56,31,40,36,17,13,17,14,1,32,13,55,36,117,344,363,78.9,5,19,42,6,1
2015,18,1,16,0,334,175,159,76,38,36,30,50,13,17,9,8,3,20,5,46,33,127,208,234,70.1,8,11,20,12,0
2015,18,3,12,1,302,176,126,85,45,25,33,40,19,18,8,5,1,14,7,37,34,110,194,233,77.2,12,8,33,6,0
2015,18,12,3,0,377,208,169,107,47,45,27,41,18,19,18,7,3,28,14,55,26,112,266,304,80.6,14,27,28,13,1
2015,18,8,17,1,329,205,124,95,72,36,35,34,20,12,12,10,1,23,9,50,34,130,191,234,71.1,9,12,72,13,0
2015,18,17,8,0,383,223,160,84,53,54,45,42,12,20,11,16,1,28,5,52,36,159,225,273,71.3,14,10,56,2,0
2015,18,13,15,1,400,212,188,88,69,43,42,55,25,20,17,10,0,27,9,52,38,143,259,302,75.5,12,12,47,10,1
2015,18,15,13,0,327,196,131,87,56,38,32,47,20,25,6,11,2,19,5,51,34,128,200,229,70,10,12,42,4,0
2015,18,5,18,1,386,210,176,113,50,32,28,40,13,16,5,7,3,15,3,41,40,125,262,307,79.5,17,13,30,4,0
2015,18,18,5,0,426,232,194,107,58,27,32,39,16,13,19,12,1,32,11,63,33,138,291,331,77.7,13,16,47,21,1
2015,18,6,9,1,455,233,222,104,61,68,47,44,19,16,12,10,2,24,8,56,19,148,307,339,74.5,12,11,30,17,1
2015,18,9,6,0,335,203,132,110,80,21,27,48,16,19,9,7,2,18,5,30,38,118,216,250,74.6,15,3,42,18,0
2015,19,1,14,1,368,222,146,88,76,41,49,47,21,18,11,15,7,33,8,74,29,151,217,255,69.3,10,15,46,2,1
2015,19,14,1,0,308,186,122,79,56,42,28,58,18,21,8,3,1,12,5,39,53,119,184,218,70.8,11,8,53,2,0
2015,19,4,3,1,375,198,177,82,80,41,31,40,22,22,16,8,1,25,12,43,32,130,241,289,77.1,8,16,49,9,1
2015,19,3,4,0,365,178,187,71,47,45,45,48,22,22,13,8,1,22,9,50,22,141,229,263,72.1,9,6,57,7,0
2015,19,18,13,1,425,207,218,90,59,25,34,40,23,17,19,12,2,33,8,60,36,138,284,333,78.4,7,15,34,12,1
2015,19,13,18,0,296,160,136,76,65,44,35,57,17,23,9,5,5,19,7,46,36,119,186,217,73.3,8,12,50,7,0
2015,19,2,8,1,423,214,209,105,51,46,40,44,22,24,14,11,5,30,9,53,22,129,295,323,76.4,6,13,36,8,0
2015,19,8,2,0,290,173,117,74,64,38,39,41,24,22,17,10,2,29,14,43,28,127,160,216,74.5,8,13,37,9,1
2015,19,7,16,1,418,235,183,119,61,26,34,49,22,13,14,9,2,25,12,52,32,147,269,311,74.4,14,14,42,3,1
2015,19,16,7,0,372,186,186,92,81,46,30,50,13,22,9,8,1,18,5,43,36,120,249,278,74.7,8,9,37,6,0
2015,19,17,10,1,321,189,132,56,68,52,44,54,14,15,11,8,0,19,9,44,32,148,169,207,64.5,9,11,41,0,0
2015,19,10,17,0,377,242,135,78,101,62,57,52,15,14,13,9,1,23,11,53,27,154,218,260,69,9,8,57,3,1
2015,19,11,12,1,281,165,116,72,50,38,40,37,20,18,14,8,0,22,8,43,37,119,161,203,72.2,16,10,36,6,0
2015,19,12,11,0,367,210,157,98,59,52,37,40,18,20,19,11,2,32,13,63,28,130,237,282,76.8,14,16,27,23,1
2015,19,9,5,1,329,196,133,89,64,31,29,45,13,17,14,7,2,23,9,45,47,104,218,245,74.5,12,15,49,24,1
2015,19,5,9,0,384,229,155,126,59,30,34,47,17,13,8,10,3,21,5,58,29,115,264,294,76.6,12,11,25,6,0
2015,19,15,6,1,360,202,158,89,68,28,29,48,17,17,8,7,4,19,5,45,27,131,234,265,73.6,6,10,43,5,0
2015,19,6,15,0,417,227,190,132,61,46,37,40,17,17,15,4,2,21,9,44,36,125,294,327,78.4,15,14,31,5,1
2015,20,16,4,1,414,199,215,80,65,48,43,49,12,18,13,7,2,22,12,51,37,148,265,301,72.7,10,14,51,5,1
2015,20,4,16,0,422,223,199,76,75,37,37,48,18,12,10,12,4,26,5,54,33,164,252,297,70.4,9,12,47,2,0
2015,20,5,1,1,384,215,169,104,57,31,43,52,20,19,8,7,4,19,4,50,36,130,257,288,75,6,12,40,6,0
2015,20,1,5,0,386,233,153,115,49,49,38,48,19,20,27,6,3,36,20,67,39,140,249,301,78,14,16,52,9,1
2015,20,12,15,1,347,188,159,73,67,44,43,52,23,20,18,9,3,30,9,50,35,144,200,257,74.1,19,13,35,6,1
2015,20,15,12,0,372,207,165,100,59,27,28,52,20,23,11,13,4,28,6,56,30,137,236,280,75.3,13,14,33,5,0
2015,20,13,9,1,371,202,169,83,72,53,42,54,21,21,16,12,3,31,11,63,20,144,224,268,72.2,15,12,43,6,1
2015,20,9,13,0,317,160,157,57,66,42,46,49,21,21,13,10,2,25,10,43,45,131,184,222,70,10,11,51,11,0
2015,20,7,10,1,383,200,183,102,62,25,31,39,12,14,12,9,4,25,5,43,33,129,257,291,76,16,13,34,4,0
2015,20,10,7,0,382,223,159,96,69,59,43,41,14,12,19,4,3,26,12,54,30,126,247,300,78.5,8,12,48,8,1
2015,20,2,3,1,412,208,204,102,55,47,40,38,17,16,20,7,4,31,16,52,31,128,275,314,76.2,9,14,38,8,1
2015,20,3,2,0,289,179,110,73,61,49,44,45,16,17,9,9,4,22,6,42,25,129,159,194,67.1,8,9,36,1,0
2015,20,14,8,1,439,256,183,131,30,54,46,46,17,22,22,6,0,28,15,62,29,153,288,337,76.8,15,18,48,15,1
2015,20,8,14,0,309,191,118,92,60,33,35,39,22,17,8,6,1,15,4,40,37,120,197,228,73.8,8,7,52,23,0
2015,20,18,11,1,397,222,175,98,77,42,47,33,19,10,24,7,2,33,16,61,34,153,250,298,75.1,8,13,39,13,1
2015,20,11,18,0,331,176,155,91,69,51,37,46,10,19,8,7,0,15,6,43,32,127,210,242,73.1,8,8,35,3,0
2015,20,6,17,1,335,205,130,99,67,68,46,56,19,32,11,12,2,25,10,50,24,130,210,248,74,13,12,35,2,0
2015,20,17,6,0,316,199,117,92,52,17,34,44,32,19,15,12,2,29,8,41,31,131,189,234,74.1,11,11,46,14,1
2015,21,10,13,1,346,214,132,103,56,38,42,45,21,16,13,8,0,21,9,54,36,122,227,264,76.3,8,14,56,6,0
2015,21,13,10,0,405,232,173,106,52,48,45,51,16,21,16,10,2,28,12,53,33,146,257,317,78.3,15,13,52,7,1
2015,21,4,14,1,358,184,174,83,62,35,31,51,11,18,7,9,5,21,6,58,23,130,227,254,70.9,5,9,46,5,0
2015,21,14,4,0,427,264,163,152,57,37,36,32,18,11,23,7,2,32,14,49,49,134,292,331,77.5,8,17,42,12,1
2015,21,9,16,1,365,180,185,70,56,40,34,52,14,13,6,7,1,14,5,41,46,137,220,266,72.9,5,6,40,20,0
2015,21,16,9,0,395,219,176,92,66,50,47,46,13,14,20,9,4,33,14,70,34,160,241,289,73.2,21,18,47,7,1
2015,21,8,5,1,338,209,129,86,70,38,37,54,17,18,14,13,0,27,10,61,34,147,192,242,71.6,13,19,51,8,1
2015,21,5,8,0,404,224,180,92,50,32,37,52,18,17,14,10,1,25,9,50,43,148,255,290,71.8,10,5,48,5,0
2015,21,15,7,1,325,199,126,89,71,54,41,50,18,21,14,8,5,27,9,46,34,129,196,237,72.9,11,11,36,3,0
2015,21,7,15,0,365,202,163,101,73,32,31,40,21,18,15,5,2,22,14,52,26,137,232,277,75.9,13,18,35,8,0
2015,21,1,2,1,379,229,150,109,52,56,40,49,16,18,20,8,3,31,16,54,31,122,255,281,74.1,7,19,44,6,1
2015,21,2,1,0,376,186,190,102,55,32,32,55,18,16,6,7,1,14,5,38,27,107,271,275,73.1,10,11,42,4,0
2015,21,12,6,1,353,208,145,108,68,28,28,38,15,11,14,6,4,24,8,44,38,128,233,276,78.2,14,15,46,7,1
2015,21,6,12,0,316,185,131,94,60,54,41,31,11,15,12,8,3,23,7,53,27,125,197,233,73.7,16,15,39,9,0
2015,21,3,11,1,341,215,126,92,68,34,32,50,20,22,12,6,0,18,8,40,41,130,206,248,72.7,9,9,52,18,1
2015,21,11,3,0,296,172,124,83,56,48,35,48,22,20,7,10,3,20,2,53,25,125,176,208,70.3,13,10,32,11,0
2015,21,17,18,1,392,206,186,92,66,70,48,40,20,15,25,9,3,37,15,51,24,151,245,292,74.5,15,23,33,6,1
2015,21,18,17,0,344,178,166,74,55,28,37,51,15,20,13,5,2,20,7,43,23,117,221,255,74.1,10,11,45,7,0
2015,22,7,4,1,375,173,202,93,52,24,21,63,20,30,9,5,3,17,4,39,29,131,250,281,74.9,18,11,26,2,0
2015,22,4,7,0,411,252,159,123,72,32,41,48,30,20,17,5,3,25,13,50,28,147,261,303,73.7,12,13,36,6,1
2015,22,9,3,1,390,210,180,100,80,42,39,38,16,18,20,11,1,32,15,74,28,135,249,296,75.9,11,24,31,19,1
2015,22,3,9,0,313,166,147,68,54,51,41,53,18,16,7,8,1,16,5,36,51,132,182,218,69.6,11,6,40,10,0
2015,22,10,2,1,418,225,193,105,79,54,39,43,25,19,21,8,0,29,17,59,23,136,288,337,80.6,11,13,32,3,1
2015,22,2,10,0,354,168,186,62,69,41,50,56,19,25,9,5,3,17,4,37,36,139,211,243,68.6,8,9,30,5,0
2015,22,12,18,1,331,201,130,113,70,58,35,45,19,19,10,11,2,23,6,44,36,124,204,255,77,23,14,28,4,0
2015,22,18,12,0,390,201,189,84,66,30,44,52,19,19,14,11,1,26,13,52,31,140,250,301,77.2,11,14,42,12,1
2015,22,5,14,1,376,217,159,65,78,40,38,62,22,19,7,4,1,12,1,47,49,163,212,254,67.6,10,4,71,2,0
2015,22,14,5,0,385,244,141,90,69,30,33,57,19,22,10,12,2,24,6,64,38,164,214,263,68.3,13,14,74,10,1
2015,22,8,13,1,329,209,120,61,58,36,45,65,26,24,7,8,1,16,6,40,50,153,161,208,63.2,8,7,66,2,0
2015,22,13,8,0,350,227,123,60,81,64,43,51,24,26,12,9,7,28,8,66,25,172,173,228,65.1,8,9,46,4,1
2015,22,1,17,1,383,228,155,108,41,37,31,45,17,19,19,9,3,31,15,60,42,141,237,282,73.6,13,19,58,3,1
2015,22,17,1,0,305,177,128,75,46,37,36,50,19,17,10,8,1,19,9,54,33,139,166,202,66.2,18,13,52,1,0
2015,22,15,16,1,354,196,158,107,46,35,28,54,14,19,4,11,3,18,4,48,39,117,239,247,69.8,6,10,46,6,0
2015,22,16,15,0,437,237,200,125,65,30,29,45,20,14,20,11,4,35,12,64,44,149,293,341,78,16,21,36,4,1
2015,22,6,11,1,440,223,217,107,70,57,44,48,16,17,17,5,1,23,13,49,30,143,302,344,78.2,8,9,37,7,1
2015,22,11,6,0,377,204,173,109,88,36,34,44,17,15,8,4,2,14,6,40,29,115,264,280,74.3,8,4,35,10,0
2015,23,4,5,1,365,220,145,102,60,36,31,50,29,20,14,6,2,22,10,50,34,137,225,256,70.1,12,18,37,10,0
2015,23,5,4,0,397,206,191,85,61,32,46,57,20,29,14,10,1,25,7,51,33,141,259,302,76.1,12,7,40,2,1
2015,23,14,12,1,374,214,160,99,55,43,43,47,21,18,16,7,5,28,12,57,29,153,225,288,77,10,15,45,8,1
2015,23,12,14,0,316,190,126,93,71,37,36,45,18,21,10,4,3,17,5,41,39,123,193,241,76.3,12,9,45,11,0
2015,23,10,3,1,395,213,182,115,42,36,31,31,16,17,17,9,2,28,11,49,38,119,278,319,80.8,10,13,39,9,1
2015,23,3,10,0,368,200,168,99,47,41,37,52,17,16,8,7,1,16,6,46,30,122,248,292,79.3,8,13,42,6,0
2015,23,7,1,1,421,227,194,121,70,23,40,43,14,13,17,16,1,34,11,55,30,148,281,319,75.8,20,23,42,7,1
2015,23,1,7,0,336,185,151,83,52,57,29,57,13,14,11,8,6,25,6,45,36,124,206,232,69,10,12,50,6,0
2015,23,16,8,1,416,237,179,113,56,30,37,47,17,17,19,10,3,32,14,70,33,151,264,301,72.4,15,20,40,8,1
2015,23,8,16,0,319,191,128,77,43,29,32,50,17,17,9,9,1,19,4,44,45,137,179,223,69.9,6,6,45,5,0
2015,23,11,9,1,390,216,174,99,73,69,49,44,19,17,15,12,1,28,11,62,28,145,243,291,74.6,16,19,40,12,1
2015,23,9,11,0,330,176,154,70,60,30,34,51,17,19,11,9,2,22,4,44,44,130,196,221,67,12,9,47,21,0
2015,23,2,18,1,441,238,203,110,60,52,53,51,22,16,19,13,3,35,13,61,33,157,285,332,75.3,12,21,45,8,1
2015,23,18,2,0,313,169,144,66,55,40,32,39,16,22,19,6,2,27,11,54,31,129,181,224,71.6,13,9,45,5,0
2015,23,13,6,1,408,243,165,113,71,38,28,50,22,19,18,10,4,32,11,69,21,146,257,313,76.7,20,22,37,9,1
2015,23,6,13,0,353,186,167,75,50,32,33,52,19,22,8,5,0,13,4,31,46,132,213,256,72.5,7,9,38,3,0
2015,23,17,15,1,418,204,214,95,73,59,39,33,23,6,18,17,0,35,11,55,26,156,264,303,72.5,14,16,37,3,1
2015,23,15,17,0,359,167,192,84,81,34,33,50,6,23,4,5,1,10,3,34,32,105,253,266,74.1,4,3,38,4,0
2015,Qualifying Final,17,10,1,342,212,130,80,58,59,40,50,19,16,14,9,3,26,7,50,27,148,182,233,68.1,13,17,56,2,1
2015,Qualifying Final,10,17,0,339,199,140,64,89,46,50,57,16,19,9,8,2,19,6,40,30,140,202,230,67.8,7,10,59,0,0
2015,Qualifying Final,6,16,1,383,197,186,86,56,60,42,41,14,21,10,6,3,19,7,41,39,149,233,282,73.6,12,10,31,1,1
2015,Qualifying Final,16,6,0,382,195,187,81,83,27,28,51,21,14,7,15,3,25,4,53,30,144,235,273,71.5,13,12,44,4,0
2015,Elimination Final,18,1,1,388,210,178,85,71,35,46,47,15,20,14,14,4,32,8,65,37,144,239,287,74,12,11,63,5,0
2015,Elimination Final,1,18,0,343,197,146,68,53,42,26,41,20,15,16,9,4,29,12,55,40,141,194,250,72.9,15,11,54,10,1
2015,Elimination Final,14,12,1,283,177,106,83,51,31,35,45,17,21,14,4,0,18,6,42,35,115,176,208,73.5,11,6,55,7,0
2015,Elimination Final,12,14,0,329,196,133,82,59,51,42,42,21,17,15,10,5,30,10,55,27,148,184,245,74.5,17,14,39,6,1
2015,Semi Final,10,1,1,408,236,172,131,64,26,32,53,14,26,21,7,2,30,13,60,34,124,287,321,78.7,11,18,46,7,1
2015,Semi Final,1,10,0,338,172,166,69,56,47,44,54,26,14,8,9,4,21,5,44,33,136,211,236,69.8,8,10,45,3,0
2015,Semi Final,16,12,1,335,188,147,95,76,41,31,50,20,27,7,7,2,16,3,48,38,123,212,235,70.1,12,7,66,6,0
2015,Semi Final,12,16,0,358,204,154,76,61,43,39,53,27,20,11,10,1,22,8,51,38,140,213,257,71.8,16,15,44,15,1
2015,Preliminary Final,6,10,1,382,206,176,90,51,51,43,49,18,19,10,5,2,17,8,41,26,143,244,287,75.1,11,9,35,4,0
2015,Preliminary Final,10,6,0,422,263,159,147,57,22,28,44,19,17,15,3,1,19,9,42,28,126,293,336,79.6,6,8,59,6,1
2015,Preliminary Final,17,12,1,341,208,133,79,75,44,36,40,24,18,10,16,4,30,6,52,31,133,201,234,68.6,13,13,67,3,1
2015,Preliminary Final,12,17,0,329,184,145,66,70,49,45,60,18,24,7,9,4,20,6,44,35,149,180,228,69.3,11,11,35,12,0
2015,Grand Final,10,17,1,436,270,166,148,59,32,35,44,14,13,16,8,3,27,15,59,28,136,301,343,78.7,18,17,62,3,1
2015,Grand Final,17,10,0,321,158,163,56,45,49,41,50,13,14,8,11,2,21,5,40,37,120,203,229,71.3,6,11,55,6,0
